[2026-05-28T00:00:10.600+0000] {processor.py:161} INFO - Started process (PID=287) to work on /opt/airflow/dags/flight-pipeline.py
[2026-05-28T00:00:10.601+0000] {processor.py:830} INFO - Processing file /opt/airflow/dags/flight-pipeline.py for tasks to queue
[2026-05-28T00:00:10.603+0000] {logging_mixin.py:188} INFO - [2026-05-28T00:00:10.603+0000] {dagbag.py:545} INFO - Filling up the DagBag from /opt/airflow/dags/flight-pipeline.py
[2026-05-28T00:00:10.975+0000] {processor.py:840} INFO - DAG(s) 'flights_ops_medallion_pipe' retrieved from /opt/airflow/dags/flight-pipeline.py
[2026-05-28T00:00:11.006+0000] {logging_mixin.py:188} INFO - [2026-05-28T00:00:11.006+0000] {dag.py:3089} INFO - Sync 1 DAGs
[2026-05-28T00:00:11.031+0000] {logging_mixin.py:188} INFO - [2026-05-28T00:00:11.031+0000] {dag.py:3947} INFO - Setting next_dagrun for flights_ops_medallion_pipe to 2026-05-28 00:00:00+00:00, run_after=2026-05-28 00:30:00+00:00
[2026-05-28T00:00:11.050+0000] {processor.py:183} INFO - Processing /opt/airflow/dags/flight-pipeline.py took 0.460 seconds
[2026-05-28T00:00:41.219+0000] {processor.py:161} INFO - Started process (PID=303) to work on /opt/airflow/dags/flight-pipeline.py
[2026-05-28T00:00:41.220+0000] {processor.py:830} INFO - Processing file /opt/airflow/dags/flight-pipeline.py for tasks to queue
[2026-05-28T00:00:41.222+0000] {logging_mixin.py:188} INFO - [2026-05-28T00:00:41.222+0000] {dagbag.py:545} INFO - Filling up the DagBag from /opt/airflow/dags/flight-pipeline.py
[2026-05-28T00:00:41.544+0000] {processor.py:840} INFO - DAG(s) 'flights_ops_medallion_pipe' retrieved from /opt/airflow/dags/flight-pipeline.py
[2026-05-28T00:00:41.568+0000] {logging_mixin.py:188} INFO - [2026-05-28T00:00:41.568+0000] {dag.py:3089} INFO - Sync 1 DAGs
[2026-05-28T00:00:41.588+0000] {logging_mixin.py:188} INFO - [2026-05-28T00:00:41.588+0000] {dag.py:3947} INFO - Setting next_dagrun for flights_ops_medallion_pipe to 2026-05-28 00:00:00+00:00, run_after=2026-05-28 00:30:00+00:00
[2026-05-28T00:00:41.606+0000] {processor.py:183} INFO - Processing /opt/airflow/dags/flight-pipeline.py took 0.392 seconds
[2026-05-28T00:01:11.767+0000] {processor.py:161} INFO - Started process (PID=305) to work on /opt/airflow/dags/flight-pipeline.py
[2026-05-28T00:01:11.768+0000] {processor.py:830} INFO - Processing file /opt/airflow/dags/flight-pipeline.py for tasks to queue
[2026-05-28T00:01:11.771+0000] {logging_mixin.py:188} INFO - [2026-05-28T00:01:11.770+0000] {dagbag.py:545} INFO - Filling up the DagBag from /opt/airflow/dags/flight-pipeline.py
[2026-05-28T00:01:12.069+0000] {processor.py:840} INFO - DAG(s) 'flights_ops_medallion_pipe' retrieved from /opt/airflow/dags/flight-pipeline.py
[2026-05-28T00:01:12.094+0000] {logging_mixin.py:188} INFO - [2026-05-28T00:01:12.093+0000] {dag.py:3089} INFO - Sync 1 DAGs
[2026-05-28T00:01:12.114+0000] {logging_mixin.py:188} INFO - [2026-05-28T00:01:12.114+0000] {dag.py:3947} INFO - Setting next_dagrun for flights_ops_medallion_pipe to 2026-05-28 00:00:00+00:00, run_after=2026-05-28 00:30:00+00:00
[2026-05-28T00:01:12.254+0000] {processor.py:183} INFO - Processing /opt/airflow/dags/flight-pipeline.py took 0.493 seconds
[2026-05-28T00:01:42.428+0000] {processor.py:161} INFO - Started process (PID=307) to work on /opt/airflow/dags/flight-pipeline.py
[2026-05-28T00:01:42.430+0000] {processor.py:830} INFO - Processing file /opt/airflow/dags/flight-pipeline.py for tasks to queue
[2026-05-28T00:01:42.432+0000] {logging_mixin.py:188} INFO - [2026-05-28T00:01:42.432+0000] {dagbag.py:545} INFO - Filling up the DagBag from /opt/airflow/dags/flight-pipeline.py
[2026-05-28T00:01:42.770+0000] {processor.py:840} INFO - DAG(s) 'flights_ops_medallion_pipe' retrieved from /opt/airflow/dags/flight-pipeline.py
[2026-05-28T00:01:42.802+0000] {logging_mixin.py:188} INFO - [2026-05-28T00:01:42.802+0000] {dag.py:3089} INFO - Sync 1 DAGs
[2026-05-28T00:01:42.998+0000] {logging_mixin.py:188} INFO - [2026-05-28T00:01:42.998+0000] {dag.py:3947} INFO - Setting next_dagrun for flights_ops_medallion_pipe to 2026-05-28 00:00:00+00:00, run_after=2026-05-28 00:30:00+00:00
[2026-05-28T00:01:43.018+0000] {processor.py:183} INFO - Processing /opt/airflow/dags/flight-pipeline.py took 0.595 seconds
[2026-05-28T00:02:13.184+0000] {processor.py:161} INFO - Started process (PID=309) to work on /opt/airflow/dags/flight-pipeline.py
[2026-05-28T00:02:13.185+0000] {processor.py:830} INFO - Processing file /opt/airflow/dags/flight-pipeline.py for tasks to queue
[2026-05-28T00:02:13.187+0000] {logging_mixin.py:188} INFO - [2026-05-28T00:02:13.187+0000] {dagbag.py:545} INFO - Filling up the DagBag from /opt/airflow/dags/flight-pipeline.py
[2026-05-28T00:02:13.518+0000] {processor.py:840} INFO - DAG(s) 'flights_ops_medallion_pipe' retrieved from /opt/airflow/dags/flight-pipeline.py
[2026-05-28T00:02:13.547+0000] {logging_mixin.py:188} INFO - [2026-05-28T00:02:13.547+0000] {dag.py:3089} INFO - Sync 1 DAGs
[2026-05-28T00:02:13.568+0000] {logging_mixin.py:188} INFO - [2026-05-28T00:02:13.568+0000] {dag.py:3947} INFO - Setting next_dagrun for flights_ops_medallion_pipe to 2026-05-28 00:00:00+00:00, run_after=2026-05-28 00:30:00+00:00
[2026-05-28T00:02:13.585+0000] {processor.py:183} INFO - Processing /opt/airflow/dags/flight-pipeline.py took 0.409 seconds
[2026-05-28T00:02:43.752+0000] {processor.py:161} INFO - Started process (PID=311) to work on /opt/airflow/dags/flight-pipeline.py
[2026-05-28T00:02:43.752+0000] {processor.py:830} INFO - Processing file /opt/airflow/dags/flight-pipeline.py for tasks to queue
[2026-05-28T00:02:43.754+0000] {logging_mixin.py:188} INFO - [2026-05-28T00:02:43.754+0000] {dagbag.py:545} INFO - Filling up the DagBag from /opt/airflow/dags/flight-pipeline.py
[2026-05-28T00:02:44.076+0000] {processor.py:840} INFO - DAG(s) 'flights_ops_medallion_pipe' retrieved from /opt/airflow/dags/flight-pipeline.py
[2026-05-28T00:02:44.103+0000] {logging_mixin.py:188} INFO - [2026-05-28T00:02:44.102+0000] {dag.py:3089} INFO - Sync 1 DAGs
[2026-05-28T00:02:44.124+0000] {logging_mixin.py:188} INFO - [2026-05-28T00:02:44.124+0000] {dag.py:3947} INFO - Setting next_dagrun for flights_ops_medallion_pipe to 2026-05-28 00:00:00+00:00, run_after=2026-05-28 00:30:00+00:00
[2026-05-28T00:02:44.147+0000] {processor.py:183} INFO - Processing /opt/airflow/dags/flight-pipeline.py took 0.401 seconds
[2026-05-28T00:03:14.327+0000] {processor.py:161} INFO - Started process (PID=313) to work on /opt/airflow/dags/flight-pipeline.py
[2026-05-28T00:03:14.329+0000] {processor.py:830} INFO - Processing file /opt/airflow/dags/flight-pipeline.py for tasks to queue
[2026-05-28T00:03:14.331+0000] {logging_mixin.py:188} INFO - [2026-05-28T00:03:14.330+0000] {dagbag.py:545} INFO - Filling up the DagBag from /opt/airflow/dags/flight-pipeline.py
[2026-05-28T00:03:14.709+0000] {processor.py:840} INFO - DAG(s) 'flights_ops_medallion_pipe' retrieved from /opt/airflow/dags/flight-pipeline.py
[2026-05-28T00:03:14.739+0000] {logging_mixin.py:188} INFO - [2026-05-28T00:03:14.738+0000] {dag.py:3089} INFO - Sync 1 DAGs
[2026-05-28T00:03:14.761+0000] {logging_mixin.py:188} INFO - [2026-05-28T00:03:14.760+0000] {dag.py:3947} INFO - Setting next_dagrun for flights_ops_medallion_pipe to 2026-05-28 00:00:00+00:00, run_after=2026-05-28 00:30:00+00:00
[2026-05-28T00:03:14.782+0000] {processor.py:183} INFO - Processing /opt/airflow/dags/flight-pipeline.py took 0.460 seconds
[2026-05-28T00:03:44.988+0000] {processor.py:161} INFO - Started process (PID=315) to work on /opt/airflow/dags/flight-pipeline.py
[2026-05-28T00:03:44.989+0000] {processor.py:830} INFO - Processing file /opt/airflow/dags/flight-pipeline.py for tasks to queue
[2026-05-28T00:03:44.991+0000] {logging_mixin.py:188} INFO - [2026-05-28T00:03:44.990+0000] {dagbag.py:545} INFO - Filling up the DagBag from /opt/airflow/dags/flight-pipeline.py
[2026-05-28T00:03:45.298+0000] {processor.py:840} INFO - DAG(s) 'flights_ops_medallion_pipe' retrieved from /opt/airflow/dags/flight-pipeline.py
[2026-05-28T00:03:45.325+0000] {logging_mixin.py:188} INFO - [2026-05-28T00:03:45.325+0000] {dag.py:3089} INFO - Sync 1 DAGs
[2026-05-28T00:03:45.349+0000] {logging_mixin.py:188} INFO - [2026-05-28T00:03:45.349+0000] {dag.py:3947} INFO - Setting next_dagrun for flights_ops_medallion_pipe to 2026-05-28 00:00:00+00:00, run_after=2026-05-28 00:30:00+00:00
[2026-05-28T00:03:45.369+0000] {processor.py:183} INFO - Processing /opt/airflow/dags/flight-pipeline.py took 0.386 seconds
[2026-05-28T00:04:15.544+0000] {processor.py:161} INFO - Started process (PID=317) to work on /opt/airflow/dags/flight-pipeline.py
[2026-05-28T00:04:15.545+0000] {processor.py:830} INFO - Processing file /opt/airflow/dags/flight-pipeline.py for tasks to queue
[2026-05-28T00:04:15.546+0000] {logging_mixin.py:188} INFO - [2026-05-28T00:04:15.546+0000] {dagbag.py:545} INFO - Filling up the DagBag from /opt/airflow/dags/flight-pipeline.py
[2026-05-28T00:04:15.853+0000] {processor.py:840} INFO - DAG(s) 'flights_ops_medallion_pipe' retrieved from /opt/airflow/dags/flight-pipeline.py
[2026-05-28T00:04:15.880+0000] {logging_mixin.py:188} INFO - [2026-05-28T00:04:15.879+0000] {dag.py:3089} INFO - Sync 1 DAGs
[2026-05-28T00:04:15.903+0000] {logging_mixin.py:188} INFO - [2026-05-28T00:04:15.903+0000] {dag.py:3947} INFO - Setting next_dagrun for flights_ops_medallion_pipe to 2026-05-28 00:00:00+00:00, run_after=2026-05-28 00:30:00+00:00
[2026-05-28T00:04:16.112+0000] {processor.py:183} INFO - Processing /opt/airflow/dags/flight-pipeline.py took 0.573 seconds
[2026-05-28T00:04:46.300+0000] {processor.py:161} INFO - Started process (PID=319) to work on /opt/airflow/dags/flight-pipeline.py
[2026-05-28T00:04:46.301+0000] {processor.py:830} INFO - Processing file /opt/airflow/dags/flight-pipeline.py for tasks to queue
[2026-05-28T00:04:46.303+0000] {logging_mixin.py:188} INFO - [2026-05-28T00:04:46.303+0000] {dagbag.py:545} INFO - Filling up the DagBag from /opt/airflow/dags/flight-pipeline.py
[2026-05-28T00:04:46.594+0000] {processor.py:840} INFO - DAG(s) 'flights_ops_medallion_pipe' retrieved from /opt/airflow/dags/flight-pipeline.py
[2026-05-28T00:04:46.617+0000] {logging_mixin.py:188} INFO - [2026-05-28T00:04:46.617+0000] {dag.py:3089} INFO - Sync 1 DAGs
[2026-05-28T00:04:46.757+0000] {logging_mixin.py:188} INFO - [2026-05-28T00:04:46.757+0000] {dag.py:3947} INFO - Setting next_dagrun for flights_ops_medallion_pipe to 2026-05-28 00:00:00+00:00, run_after=2026-05-28 00:30:00+00:00
[2026-05-28T00:04:46.773+0000] {processor.py:183} INFO - Processing /opt/airflow/dags/flight-pipeline.py took 0.479 seconds
[2026-05-28T00:05:16.945+0000] {processor.py:161} INFO - Started process (PID=321) to work on /opt/airflow/dags/flight-pipeline.py
[2026-05-28T00:05:16.946+0000] {processor.py:830} INFO - Processing file /opt/airflow/dags/flight-pipeline.py for tasks to queue
[2026-05-28T00:05:16.947+0000] {logging_mixin.py:188} INFO - [2026-05-28T00:05:16.947+0000] {dagbag.py:545} INFO - Filling up the DagBag from /opt/airflow/dags/flight-pipeline.py
[2026-05-28T00:05:17.258+0000] {processor.py:840} INFO - DAG(s) 'flights_ops_medallion_pipe' retrieved from /opt/airflow/dags/flight-pipeline.py
[2026-05-28T00:05:17.284+0000] {logging_mixin.py:188} INFO - [2026-05-28T00:05:17.284+0000] {dag.py:3089} INFO - Sync 1 DAGs
[2026-05-28T00:05:17.302+0000] {logging_mixin.py:188} INFO - [2026-05-28T00:05:17.302+0000] {dag.py:3947} INFO - Setting next_dagrun for flights_ops_medallion_pipe to 2026-05-28 00:00:00+00:00, run_after=2026-05-28 00:30:00+00:00
[2026-05-28T00:05:17.324+0000] {processor.py:183} INFO - Processing /opt/airflow/dags/flight-pipeline.py took 0.385 seconds
[2026-05-28T00:05:47.498+0000] {processor.py:161} INFO - Started process (PID=323) to work on /opt/airflow/dags/flight-pipeline.py
[2026-05-28T00:05:47.499+0000] {processor.py:830} INFO - Processing file /opt/airflow/dags/flight-pipeline.py for tasks to queue
[2026-05-28T00:05:47.501+0000] {logging_mixin.py:188} INFO - [2026-05-28T00:05:47.500+0000] {dagbag.py:545} INFO - Filling up the DagBag from /opt/airflow/dags/flight-pipeline.py
[2026-05-28T00:05:47.799+0000] {processor.py:840} INFO - DAG(s) 'flights_ops_medallion_pipe' retrieved from /opt/airflow/dags/flight-pipeline.py
[2026-05-28T00:05:47.825+0000] {logging_mixin.py:188} INFO - [2026-05-28T00:05:47.824+0000] {dag.py:3089} INFO - Sync 1 DAGs
[2026-05-28T00:05:47.845+0000] {logging_mixin.py:188} INFO - [2026-05-28T00:05:47.845+0000] {dag.py:3947} INFO - Setting next_dagrun for flights_ops_medallion_pipe to 2026-05-28 00:00:00+00:00, run_after=2026-05-28 00:30:00+00:00
[2026-05-28T00:05:47.863+0000] {processor.py:183} INFO - Processing /opt/airflow/dags/flight-pipeline.py took 0.370 seconds
[2026-05-28T00:06:18.027+0000] {processor.py:161} INFO - Started process (PID=325) to work on /opt/airflow/dags/flight-pipeline.py
[2026-05-28T00:06:18.028+0000] {processor.py:830} INFO - Processing file /opt/airflow/dags/flight-pipeline.py for tasks to queue
[2026-05-28T00:06:18.029+0000] {logging_mixin.py:188} INFO - [2026-05-28T00:06:18.029+0000] {dagbag.py:545} INFO - Filling up the DagBag from /opt/airflow/dags/flight-pipeline.py
[2026-05-28T00:06:18.330+0000] {processor.py:840} INFO - DAG(s) 'flights_ops_medallion_pipe' retrieved from /opt/airflow/dags/flight-pipeline.py
[2026-05-28T00:06:18.356+0000] {logging_mixin.py:188} INFO - [2026-05-28T00:06:18.356+0000] {dag.py:3089} INFO - Sync 1 DAGs
[2026-05-28T00:06:18.376+0000] {logging_mixin.py:188} INFO - [2026-05-28T00:06:18.376+0000] {dag.py:3947} INFO - Setting next_dagrun for flights_ops_medallion_pipe to 2026-05-28 00:00:00+00:00, run_after=2026-05-28 00:30:00+00:00
[2026-05-28T00:06:18.394+0000] {processor.py:183} INFO - Processing /opt/airflow/dags/flight-pipeline.py took 0.372 seconds
[2026-05-28T00:06:48.572+0000] {processor.py:161} INFO - Started process (PID=327) to work on /opt/airflow/dags/flight-pipeline.py
[2026-05-28T00:06:48.573+0000] {processor.py:830} INFO - Processing file /opt/airflow/dags/flight-pipeline.py for tasks to queue
[2026-05-28T00:06:48.575+0000] {logging_mixin.py:188} INFO - [2026-05-28T00:06:48.575+0000] {dagbag.py:545} INFO - Filling up the DagBag from /opt/airflow/dags/flight-pipeline.py
[2026-05-28T00:06:48.879+0000] {processor.py:840} INFO - DAG(s) 'flights_ops_medallion_pipe' retrieved from /opt/airflow/dags/flight-pipeline.py
[2026-05-28T00:06:48.903+0000] {logging_mixin.py:188} INFO - [2026-05-28T00:06:48.903+0000] {dag.py:3089} INFO - Sync 1 DAGs
[2026-05-28T00:06:48.923+0000] {logging_mixin.py:188} INFO - [2026-05-28T00:06:48.923+0000] {dag.py:3947} INFO - Setting next_dagrun for flights_ops_medallion_pipe to 2026-05-28 00:00:00+00:00, run_after=2026-05-28 00:30:00+00:00
[2026-05-28T00:06:48.947+0000] {processor.py:183} INFO - Processing /opt/airflow/dags/flight-pipeline.py took 0.382 seconds
[2026-05-28T00:07:19.120+0000] {processor.py:161} INFO - Started process (PID=329) to work on /opt/airflow/dags/flight-pipeline.py
[2026-05-28T00:07:19.121+0000] {processor.py:830} INFO - Processing file /opt/airflow/dags/flight-pipeline.py for tasks to queue
[2026-05-28T00:07:19.124+0000] {logging_mixin.py:188} INFO - [2026-05-28T00:07:19.123+0000] {dagbag.py:545} INFO - Filling up the DagBag from /opt/airflow/dags/flight-pipeline.py
[2026-05-28T00:07:19.431+0000] {processor.py:840} INFO - DAG(s) 'flights_ops_medallion_pipe' retrieved from /opt/airflow/dags/flight-pipeline.py
[2026-05-28T00:07:19.458+0000] {logging_mixin.py:188} INFO - [2026-05-28T00:07:19.457+0000] {dag.py:3089} INFO - Sync 1 DAGs
[2026-05-28T00:07:19.482+0000] {logging_mixin.py:188} INFO - [2026-05-28T00:07:19.481+0000] {dag.py:3947} INFO - Setting next_dagrun for flights_ops_medallion_pipe to 2026-05-28 00:00:00+00:00, run_after=2026-05-28 00:30:00+00:00
[2026-05-28T00:07:19.631+0000] {processor.py:183} INFO - Processing /opt/airflow/dags/flight-pipeline.py took 0.517 seconds
[2026-05-28T00:07:49.813+0000] {processor.py:161} INFO - Started process (PID=331) to work on /opt/airflow/dags/flight-pipeline.py
[2026-05-28T00:07:49.814+0000] {processor.py:830} INFO - Processing file /opt/airflow/dags/flight-pipeline.py for tasks to queue
[2026-05-28T00:07:49.816+0000] {logging_mixin.py:188} INFO - [2026-05-28T00:07:49.816+0000] {dagbag.py:545} INFO - Filling up the DagBag from /opt/airflow/dags/flight-pipeline.py
[2026-05-28T00:07:50.142+0000] {processor.py:840} INFO - DAG(s) 'flights_ops_medallion_pipe' retrieved from /opt/airflow/dags/flight-pipeline.py
[2026-05-28T00:07:50.167+0000] {logging_mixin.py:188} INFO - [2026-05-28T00:07:50.166+0000] {dag.py:3089} INFO - Sync 1 DAGs
[2026-05-28T00:07:50.316+0000] {logging_mixin.py:188} INFO - [2026-05-28T00:07:50.316+0000] {dag.py:3947} INFO - Setting next_dagrun for flights_ops_medallion_pipe to 2026-05-28 00:00:00+00:00, run_after=2026-05-28 00:30:00+00:00
[2026-05-28T00:07:50.334+0000] {processor.py:183} INFO - Processing /opt/airflow/dags/flight-pipeline.py took 0.526 seconds
[2026-05-28T00:08:20.419+0000] {processor.py:161} INFO - Started process (PID=333) to work on /opt/airflow/dags/flight-pipeline.py
[2026-05-28T00:08:20.420+0000] {processor.py:830} INFO - Processing file /opt/airflow/dags/flight-pipeline.py for tasks to queue
[2026-05-28T00:08:20.422+0000] {logging_mixin.py:188} INFO - [2026-05-28T00:08:20.422+0000] {dagbag.py:545} INFO - Filling up the DagBag from /opt/airflow/dags/flight-pipeline.py
[2026-05-28T00:08:20.737+0000] {processor.py:840} INFO - DAG(s) 'flights_ops_medallion_pipe' retrieved from /opt/airflow/dags/flight-pipeline.py
[2026-05-28T00:08:20.765+0000] {logging_mixin.py:188} INFO - [2026-05-28T00:08:20.764+0000] {dag.py:3089} INFO - Sync 1 DAGs
[2026-05-28T00:08:20.787+0000] {logging_mixin.py:188} INFO - [2026-05-28T00:08:20.786+0000] {dag.py:3947} INFO - Setting next_dagrun for flights_ops_medallion_pipe to 2026-05-28 00:00:00+00:00, run_after=2026-05-28 00:30:00+00:00
[2026-05-28T00:08:20.805+0000] {processor.py:183} INFO - Processing /opt/airflow/dags/flight-pipeline.py took 0.391 seconds
[2026-05-28T00:08:50.977+0000] {processor.py:161} INFO - Started process (PID=335) to work on /opt/airflow/dags/flight-pipeline.py
[2026-05-28T00:08:50.977+0000] {processor.py:830} INFO - Processing file /opt/airflow/dags/flight-pipeline.py for tasks to queue
[2026-05-28T00:08:50.979+0000] {logging_mixin.py:188} INFO - [2026-05-28T00:08:50.979+0000] {dagbag.py:545} INFO - Filling up the DagBag from /opt/airflow/dags/flight-pipeline.py
[2026-05-28T00:08:51.274+0000] {processor.py:840} INFO - DAG(s) 'flights_ops_medallion_pipe' retrieved from /opt/airflow/dags/flight-pipeline.py
[2026-05-28T00:08:51.300+0000] {logging_mixin.py:188} INFO - [2026-05-28T00:08:51.299+0000] {dag.py:3089} INFO - Sync 1 DAGs
[2026-05-28T00:08:51.319+0000] {logging_mixin.py:188} INFO - [2026-05-28T00:08:51.319+0000] {dag.py:3947} INFO - Setting next_dagrun for flights_ops_medallion_pipe to 2026-05-28 00:00:00+00:00, run_after=2026-05-28 00:30:00+00:00
[2026-05-28T00:08:51.336+0000] {processor.py:183} INFO - Processing /opt/airflow/dags/flight-pipeline.py took 0.365 seconds
[2026-05-28T00:09:21.509+0000] {processor.py:161} INFO - Started process (PID=337) to work on /opt/airflow/dags/flight-pipeline.py
[2026-05-28T00:09:21.511+0000] {processor.py:830} INFO - Processing file /opt/airflow/dags/flight-pipeline.py for tasks to queue
[2026-05-28T00:09:21.513+0000] {logging_mixin.py:188} INFO - [2026-05-28T00:09:21.512+0000] {dagbag.py:545} INFO - Filling up the DagBag from /opt/airflow/dags/flight-pipeline.py
[2026-05-28T00:09:21.879+0000] {processor.py:840} INFO - DAG(s) 'flights_ops_medallion_pipe' retrieved from /opt/airflow/dags/flight-pipeline.py
[2026-05-28T00:09:21.910+0000] {logging_mixin.py:188} INFO - [2026-05-28T00:09:21.909+0000] {dag.py:3089} INFO - Sync 1 DAGs
[2026-05-28T00:09:21.934+0000] {logging_mixin.py:188} INFO - [2026-05-28T00:09:21.934+0000] {dag.py:3947} INFO - Setting next_dagrun for flights_ops_medallion_pipe to 2026-05-28 00:00:00+00:00, run_after=2026-05-28 00:30:00+00:00
[2026-05-28T00:09:21.956+0000] {processor.py:183} INFO - Processing /opt/airflow/dags/flight-pipeline.py took 0.453 seconds
[2026-05-28T00:09:52.128+0000] {processor.py:161} INFO - Started process (PID=339) to work on /opt/airflow/dags/flight-pipeline.py
[2026-05-28T00:09:52.129+0000] {processor.py:830} INFO - Processing file /opt/airflow/dags/flight-pipeline.py for tasks to queue
[2026-05-28T00:09:52.131+0000] {logging_mixin.py:188} INFO - [2026-05-28T00:09:52.130+0000] {dagbag.py:545} INFO - Filling up the DagBag from /opt/airflow/dags/flight-pipeline.py
[2026-05-28T00:09:52.425+0000] {processor.py:840} INFO - DAG(s) 'flights_ops_medallion_pipe' retrieved from /opt/airflow/dags/flight-pipeline.py
[2026-05-28T00:09:52.453+0000] {logging_mixin.py:188} INFO - [2026-05-28T00:09:52.452+0000] {dag.py:3089} INFO - Sync 1 DAGs
[2026-05-28T00:09:52.473+0000] {logging_mixin.py:188} INFO - [2026-05-28T00:09:52.473+0000] {dag.py:3947} INFO - Setting next_dagrun for flights_ops_medallion_pipe to 2026-05-28 00:00:00+00:00, run_after=2026-05-28 00:30:00+00:00
[2026-05-28T00:09:52.492+0000] {processor.py:183} INFO - Processing /opt/airflow/dags/flight-pipeline.py took 0.369 seconds
[2026-05-28T00:10:22.670+0000] {processor.py:161} INFO - Started process (PID=341) to work on /opt/airflow/dags/flight-pipeline.py
[2026-05-28T00:10:22.671+0000] {processor.py:830} INFO - Processing file /opt/airflow/dags/flight-pipeline.py for tasks to queue
[2026-05-28T00:10:22.673+0000] {logging_mixin.py:188} INFO - [2026-05-28T00:10:22.673+0000] {dagbag.py:545} INFO - Filling up the DagBag from /opt/airflow/dags/flight-pipeline.py
[2026-05-28T00:10:23.031+0000] {processor.py:840} INFO - DAG(s) 'flights_ops_medallion_pipe' retrieved from /opt/airflow/dags/flight-pipeline.py
[2026-05-28T00:10:23.062+0000] {logging_mixin.py:188} INFO - [2026-05-28T00:10:23.062+0000] {dag.py:3089} INFO - Sync 1 DAGs
[2026-05-28T00:10:23.090+0000] {logging_mixin.py:188} INFO - [2026-05-28T00:10:23.090+0000] {dag.py:3947} INFO - Setting next_dagrun for flights_ops_medallion_pipe to 2026-05-28 00:00:00+00:00, run_after=2026-05-28 00:30:00+00:00
[2026-05-28T00:10:23.328+0000] {processor.py:183} INFO - Processing /opt/airflow/dags/flight-pipeline.py took 0.665 seconds
[2026-05-28T00:10:53.524+0000] {processor.py:161} INFO - Started process (PID=343) to work on /opt/airflow/dags/flight-pipeline.py
[2026-05-28T00:10:53.526+0000] {processor.py:830} INFO - Processing file /opt/airflow/dags/flight-pipeline.py for tasks to queue
[2026-05-28T00:10:53.530+0000] {logging_mixin.py:188} INFO - [2026-05-28T00:10:53.529+0000] {dagbag.py:545} INFO - Filling up the DagBag from /opt/airflow/dags/flight-pipeline.py
[2026-05-28T00:10:54.243+0000] {processor.py:840} INFO - DAG(s) 'flights_ops_medallion_pipe' retrieved from /opt/airflow/dags/flight-pipeline.py
[2026-05-28T00:10:54.285+0000] {logging_mixin.py:188} INFO - [2026-05-28T00:10:54.284+0000] {dag.py:3089} INFO - Sync 1 DAGs
[2026-05-28T00:10:54.539+0000] {logging_mixin.py:188} INFO - [2026-05-28T00:10:54.539+0000] {dag.py:3947} INFO - Setting next_dagrun for flights_ops_medallion_pipe to 2026-05-28 00:00:00+00:00, run_after=2026-05-28 00:30:00+00:00
[2026-05-28T00:10:54.574+0000] {processor.py:183} INFO - Processing /opt/airflow/dags/flight-pipeline.py took 1.068 seconds
[2026-05-28T00:11:24.700+0000] {processor.py:161} INFO - Started process (PID=345) to work on /opt/airflow/dags/flight-pipeline.py
[2026-05-28T00:11:24.701+0000] {processor.py:830} INFO - Processing file /opt/airflow/dags/flight-pipeline.py for tasks to queue
[2026-05-28T00:11:24.704+0000] {logging_mixin.py:188} INFO - [2026-05-28T00:11:24.704+0000] {dagbag.py:545} INFO - Filling up the DagBag from /opt/airflow/dags/flight-pipeline.py
[2026-05-28T00:11:25.073+0000] {processor.py:840} INFO - DAG(s) 'flights_ops_medallion_pipe' retrieved from /opt/airflow/dags/flight-pipeline.py
[2026-05-28T00:11:25.110+0000] {logging_mixin.py:188} INFO - [2026-05-28T00:11:25.109+0000] {dag.py:3089} INFO - Sync 1 DAGs
[2026-05-28T00:11:25.140+0000] {logging_mixin.py:188} INFO - [2026-05-28T00:11:25.140+0000] {dag.py:3947} INFO - Setting next_dagrun for flights_ops_medallion_pipe to 2026-05-28 00:00:00+00:00, run_after=2026-05-28 00:30:00+00:00
[2026-05-28T00:11:25.172+0000] {processor.py:183} INFO - Processing /opt/airflow/dags/flight-pipeline.py took 0.479 seconds
[2026-05-28T00:11:55.375+0000] {processor.py:161} INFO - Started process (PID=347) to work on /opt/airflow/dags/flight-pipeline.py
[2026-05-28T00:11:55.376+0000] {processor.py:830} INFO - Processing file /opt/airflow/dags/flight-pipeline.py for tasks to queue
[2026-05-28T00:11:55.379+0000] {logging_mixin.py:188} INFO - [2026-05-28T00:11:55.378+0000] {dagbag.py:545} INFO - Filling up the DagBag from /opt/airflow/dags/flight-pipeline.py
[2026-05-28T00:11:55.846+0000] {processor.py:840} INFO - DAG(s) 'flights_ops_medallion_pipe' retrieved from /opt/airflow/dags/flight-pipeline.py
[2026-05-28T00:11:55.919+0000] {logging_mixin.py:188} INFO - [2026-05-28T00:11:55.918+0000] {dag.py:3089} INFO - Sync 1 DAGs
[2026-05-28T00:11:55.956+0000] {logging_mixin.py:188} INFO - [2026-05-28T00:11:55.956+0000] {dag.py:3947} INFO - Setting next_dagrun for flights_ops_medallion_pipe to 2026-05-28 00:00:00+00:00, run_after=2026-05-28 00:30:00+00:00
[2026-05-28T00:11:55.990+0000] {processor.py:183} INFO - Processing /opt/airflow/dags/flight-pipeline.py took 0.621 seconds
[2026-05-28T00:12:26.050+0000] {processor.py:161} INFO - Started process (PID=349) to work on /opt/airflow/dags/flight-pipeline.py
[2026-05-28T00:12:26.051+0000] {processor.py:830} INFO - Processing file /opt/airflow/dags/flight-pipeline.py for tasks to queue
[2026-05-28T00:12:26.053+0000] {logging_mixin.py:188} INFO - [2026-05-28T00:12:26.053+0000] {dagbag.py:545} INFO - Filling up the DagBag from /opt/airflow/dags/flight-pipeline.py
[2026-05-28T00:12:26.389+0000] {processor.py:840} INFO - DAG(s) 'flights_ops_medallion_pipe' retrieved from /opt/airflow/dags/flight-pipeline.py
[2026-05-28T00:12:26.427+0000] {logging_mixin.py:188} INFO - [2026-05-28T00:12:26.426+0000] {dag.py:3089} INFO - Sync 1 DAGs
[2026-05-28T00:12:26.450+0000] {logging_mixin.py:188} INFO - [2026-05-28T00:12:26.450+0000] {dag.py:3947} INFO - Setting next_dagrun for flights_ops_medallion_pipe to 2026-05-28 00:00:00+00:00, run_after=2026-05-28 00:30:00+00:00
[2026-05-28T00:12:26.469+0000] {processor.py:183} INFO - Processing /opt/airflow/dags/flight-pipeline.py took 0.426 seconds
[2026-05-28T00:12:56.634+0000] {processor.py:161} INFO - Started process (PID=351) to work on /opt/airflow/dags/flight-pipeline.py
[2026-05-28T00:12:56.635+0000] {processor.py:830} INFO - Processing file /opt/airflow/dags/flight-pipeline.py for tasks to queue
[2026-05-28T00:12:56.637+0000] {logging_mixin.py:188} INFO - [2026-05-28T00:12:56.637+0000] {dagbag.py:545} INFO - Filling up the DagBag from /opt/airflow/dags/flight-pipeline.py
[2026-05-28T00:12:56.949+0000] {processor.py:840} INFO - DAG(s) 'flights_ops_medallion_pipe' retrieved from /opt/airflow/dags/flight-pipeline.py
[2026-05-28T00:12:56.975+0000] {logging_mixin.py:188} INFO - [2026-05-28T00:12:56.974+0000] {dag.py:3089} INFO - Sync 1 DAGs
[2026-05-28T00:12:56.995+0000] {logging_mixin.py:188} INFO - [2026-05-28T00:12:56.995+0000] {dag.py:3947} INFO - Setting next_dagrun for flights_ops_medallion_pipe to 2026-05-28 00:00:00+00:00, run_after=2026-05-28 00:30:00+00:00
[2026-05-28T00:12:57.154+0000] {processor.py:183} INFO - Processing /opt/airflow/dags/flight-pipeline.py took 0.525 seconds
[2026-05-28T00:13:27.361+0000] {processor.py:161} INFO - Started process (PID=353) to work on /opt/airflow/dags/flight-pipeline.py
[2026-05-28T00:13:27.363+0000] {processor.py:830} INFO - Processing file /opt/airflow/dags/flight-pipeline.py for tasks to queue
[2026-05-28T00:13:27.367+0000] {logging_mixin.py:188} INFO - [2026-05-28T00:13:27.366+0000] {dagbag.py:545} INFO - Filling up the DagBag from /opt/airflow/dags/flight-pipeline.py
[2026-05-28T00:13:27.708+0000] {processor.py:840} INFO - DAG(s) 'flights_ops_medallion_pipe' retrieved from /opt/airflow/dags/flight-pipeline.py
[2026-05-28T00:13:27.738+0000] {logging_mixin.py:188} INFO - [2026-05-28T00:13:27.738+0000] {dag.py:3089} INFO - Sync 1 DAGs
[2026-05-28T00:13:27.912+0000] {logging_mixin.py:188} INFO - [2026-05-28T00:13:27.912+0000] {dag.py:3947} INFO - Setting next_dagrun for flights_ops_medallion_pipe to 2026-05-28 00:00:00+00:00, run_after=2026-05-28 00:30:00+00:00
[2026-05-28T00:13:27.930+0000] {processor.py:183} INFO - Processing /opt/airflow/dags/flight-pipeline.py took 0.578 seconds
[2026-05-28T00:13:58.114+0000] {processor.py:161} INFO - Started process (PID=355) to work on /opt/airflow/dags/flight-pipeline.py
[2026-05-28T00:13:58.115+0000] {processor.py:830} INFO - Processing file /opt/airflow/dags/flight-pipeline.py for tasks to queue
[2026-05-28T00:13:58.117+0000] {logging_mixin.py:188} INFO - [2026-05-28T00:13:58.116+0000] {dagbag.py:545} INFO - Filling up the DagBag from /opt/airflow/dags/flight-pipeline.py
[2026-05-28T00:13:58.518+0000] {processor.py:840} INFO - DAG(s) 'flights_ops_medallion_pipe' retrieved from /opt/airflow/dags/flight-pipeline.py
[2026-05-28T00:13:58.556+0000] {logging_mixin.py:188} INFO - [2026-05-28T00:13:58.556+0000] {dag.py:3089} INFO - Sync 1 DAGs
[2026-05-28T00:13:58.732+0000] {logging_mixin.py:188} INFO - [2026-05-28T00:13:58.732+0000] {dag.py:3947} INFO - Setting next_dagrun for flights_ops_medallion_pipe to 2026-05-28 00:00:00+00:00, run_after=2026-05-28 00:30:00+00:00
[2026-05-28T00:13:58.753+0000] {processor.py:183} INFO - Processing /opt/airflow/dags/flight-pipeline.py took 0.644 seconds
[2026-05-28T00:14:28.935+0000] {processor.py:161} INFO - Started process (PID=357) to work on /opt/airflow/dags/flight-pipeline.py
[2026-05-28T00:14:28.936+0000] {processor.py:830} INFO - Processing file /opt/airflow/dags/flight-pipeline.py for tasks to queue
[2026-05-28T00:14:28.943+0000] {logging_mixin.py:188} INFO - [2026-05-28T00:14:28.941+0000] {dagbag.py:545} INFO - Filling up the DagBag from /opt/airflow/dags/flight-pipeline.py
[2026-05-28T00:14:29.366+0000] {processor.py:840} INFO - DAG(s) 'flights_ops_medallion_pipe' retrieved from /opt/airflow/dags/flight-pipeline.py
[2026-05-28T00:14:29.407+0000] {logging_mixin.py:188} INFO - [2026-05-28T00:14:29.407+0000] {dag.py:3089} INFO - Sync 1 DAGs
[2026-05-28T00:14:29.428+0000] {logging_mixin.py:188} INFO - [2026-05-28T00:14:29.428+0000] {dag.py:3947} INFO - Setting next_dagrun for flights_ops_medallion_pipe to 2026-05-28 00:00:00+00:00, run_after=2026-05-28 00:30:00+00:00
[2026-05-28T00:14:29.447+0000] {processor.py:183} INFO - Processing /opt/airflow/dags/flight-pipeline.py took 0.518 seconds
[2026-05-28T00:14:59.611+0000] {processor.py:161} INFO - Started process (PID=359) to work on /opt/airflow/dags/flight-pipeline.py
[2026-05-28T00:14:59.612+0000] {processor.py:830} INFO - Processing file /opt/airflow/dags/flight-pipeline.py for tasks to queue
[2026-05-28T00:14:59.615+0000] {logging_mixin.py:188} INFO - [2026-05-28T00:14:59.614+0000] {dagbag.py:545} INFO - Filling up the DagBag from /opt/airflow/dags/flight-pipeline.py
[2026-05-28T00:14:59.936+0000] {processor.py:840} INFO - DAG(s) 'flights_ops_medallion_pipe' retrieved from /opt/airflow/dags/flight-pipeline.py
[2026-05-28T00:14:59.962+0000] {logging_mixin.py:188} INFO - [2026-05-28T00:14:59.962+0000] {dag.py:3089} INFO - Sync 1 DAGs
[2026-05-28T00:14:59.984+0000] {logging_mixin.py:188} INFO - [2026-05-28T00:14:59.984+0000] {dag.py:3947} INFO - Setting next_dagrun for flights_ops_medallion_pipe to 2026-05-28 00:00:00+00:00, run_after=2026-05-28 00:30:00+00:00
[2026-05-28T00:15:00.013+0000] {processor.py:183} INFO - Processing /opt/airflow/dags/flight-pipeline.py took 0.408 seconds
[2026-05-28T00:15:30.203+0000] {processor.py:161} INFO - Started process (PID=361) to work on /opt/airflow/dags/flight-pipeline.py
[2026-05-28T00:15:30.204+0000] {processor.py:830} INFO - Processing file /opt/airflow/dags/flight-pipeline.py for tasks to queue
[2026-05-28T00:15:30.207+0000] {logging_mixin.py:188} INFO - [2026-05-28T00:15:30.207+0000] {dagbag.py:545} INFO - Filling up the DagBag from /opt/airflow/dags/flight-pipeline.py
[2026-05-28T00:15:30.694+0000] {processor.py:840} INFO - DAG(s) 'flights_ops_medallion_pipe' retrieved from /opt/airflow/dags/flight-pipeline.py
[2026-05-28T00:15:30.731+0000] {logging_mixin.py:188} INFO - [2026-05-28T00:15:30.730+0000] {dag.py:3089} INFO - Sync 1 DAGs
[2026-05-28T00:15:30.760+0000] {logging_mixin.py:188} INFO - [2026-05-28T00:15:30.760+0000] {dag.py:3947} INFO - Setting next_dagrun for flights_ops_medallion_pipe to 2026-05-28 00:00:00+00:00, run_after=2026-05-28 00:30:00+00:00
[2026-05-28T00:15:30.787+0000] {processor.py:183} INFO - Processing /opt/airflow/dags/flight-pipeline.py took 0.594 seconds
[2026-05-28T00:16:00.911+0000] {processor.py:161} INFO - Started process (PID=363) to work on /opt/airflow/dags/flight-pipeline.py
[2026-05-28T00:16:00.912+0000] {processor.py:830} INFO - Processing file /opt/airflow/dags/flight-pipeline.py for tasks to queue
[2026-05-28T00:16:00.914+0000] {logging_mixin.py:188} INFO - [2026-05-28T00:16:00.914+0000] {dagbag.py:545} INFO - Filling up the DagBag from /opt/airflow/dags/flight-pipeline.py
[2026-05-28T00:16:01.275+0000] {processor.py:840} INFO - DAG(s) 'flights_ops_medallion_pipe' retrieved from /opt/airflow/dags/flight-pipeline.py
[2026-05-28T00:16:01.300+0000] {logging_mixin.py:188} INFO - [2026-05-28T00:16:01.300+0000] {dag.py:3089} INFO - Sync 1 DAGs
[2026-05-28T00:16:01.322+0000] {logging_mixin.py:188} INFO - [2026-05-28T00:16:01.322+0000] {dag.py:3947} INFO - Setting next_dagrun for flights_ops_medallion_pipe to 2026-05-28 00:00:00+00:00, run_after=2026-05-28 00:30:00+00:00
[2026-05-28T00:16:01.508+0000] {processor.py:183} INFO - Processing /opt/airflow/dags/flight-pipeline.py took 0.602 seconds
[2026-05-28T00:16:31.696+0000] {processor.py:161} INFO - Started process (PID=365) to work on /opt/airflow/dags/flight-pipeline.py
[2026-05-28T00:16:31.697+0000] {processor.py:830} INFO - Processing file /opt/airflow/dags/flight-pipeline.py for tasks to queue
[2026-05-28T00:16:31.698+0000] {logging_mixin.py:188} INFO - [2026-05-28T00:16:31.698+0000] {dagbag.py:545} INFO - Filling up the DagBag from /opt/airflow/dags/flight-pipeline.py
[2026-05-28T00:16:32.033+0000] {processor.py:840} INFO - DAG(s) 'flights_ops_medallion_pipe' retrieved from /opt/airflow/dags/flight-pipeline.py
[2026-05-28T00:16:32.064+0000] {logging_mixin.py:188} INFO - [2026-05-28T00:16:32.063+0000] {dag.py:3089} INFO - Sync 1 DAGs
[2026-05-28T00:16:32.249+0000] {logging_mixin.py:188} INFO - [2026-05-28T00:16:32.249+0000] {dag.py:3947} INFO - Setting next_dagrun for flights_ops_medallion_pipe to 2026-05-28 00:00:00+00:00, run_after=2026-05-28 00:30:00+00:00
[2026-05-28T00:16:32.269+0000] {processor.py:183} INFO - Processing /opt/airflow/dags/flight-pipeline.py took 0.580 seconds
[2026-05-28T00:17:02.441+0000] {processor.py:161} INFO - Started process (PID=367) to work on /opt/airflow/dags/flight-pipeline.py
[2026-05-28T00:17:02.442+0000] {processor.py:830} INFO - Processing file /opt/airflow/dags/flight-pipeline.py for tasks to queue
[2026-05-28T00:17:02.445+0000] {logging_mixin.py:188} INFO - [2026-05-28T00:17:02.444+0000] {dagbag.py:545} INFO - Filling up the DagBag from /opt/airflow/dags/flight-pipeline.py
[2026-05-28T00:17:02.818+0000] {processor.py:840} INFO - DAG(s) 'flights_ops_medallion_pipe' retrieved from /opt/airflow/dags/flight-pipeline.py
[2026-05-28T00:17:02.849+0000] {logging_mixin.py:188} INFO - [2026-05-28T00:17:02.849+0000] {dag.py:3089} INFO - Sync 1 DAGs
[2026-05-28T00:17:03.025+0000] {logging_mixin.py:188} INFO - [2026-05-28T00:17:03.024+0000] {dag.py:3947} INFO - Setting next_dagrun for flights_ops_medallion_pipe to 2026-05-28 00:00:00+00:00, run_after=2026-05-28 00:30:00+00:00
[2026-05-28T00:17:03.046+0000] {processor.py:183} INFO - Processing /opt/airflow/dags/flight-pipeline.py took 0.611 seconds
[2026-05-28T00:17:33.222+0000] {processor.py:161} INFO - Started process (PID=369) to work on /opt/airflow/dags/flight-pipeline.py
[2026-05-28T00:17:33.222+0000] {processor.py:830} INFO - Processing file /opt/airflow/dags/flight-pipeline.py for tasks to queue
[2026-05-28T00:17:33.224+0000] {logging_mixin.py:188} INFO - [2026-05-28T00:17:33.224+0000] {dagbag.py:545} INFO - Filling up the DagBag from /opt/airflow/dags/flight-pipeline.py
[2026-05-28T00:17:33.552+0000] {processor.py:840} INFO - DAG(s) 'flights_ops_medallion_pipe' retrieved from /opt/airflow/dags/flight-pipeline.py
[2026-05-28T00:17:33.581+0000] {logging_mixin.py:188} INFO - [2026-05-28T00:17:33.581+0000] {dag.py:3089} INFO - Sync 1 DAGs
[2026-05-28T00:17:33.604+0000] {logging_mixin.py:188} INFO - [2026-05-28T00:17:33.604+0000] {dag.py:3947} INFO - Setting next_dagrun for flights_ops_medallion_pipe to 2026-05-28 00:00:00+00:00, run_after=2026-05-28 00:30:00+00:00
[2026-05-28T00:17:33.625+0000] {processor.py:183} INFO - Processing /opt/airflow/dags/flight-pipeline.py took 0.409 seconds
[2026-05-28T00:18:03.738+0000] {processor.py:161} INFO - Started process (PID=371) to work on /opt/airflow/dags/flight-pipeline.py
[2026-05-28T00:18:03.739+0000] {processor.py:830} INFO - Processing file /opt/airflow/dags/flight-pipeline.py for tasks to queue
[2026-05-28T00:18:03.741+0000] {logging_mixin.py:188} INFO - [2026-05-28T00:18:03.740+0000] {dagbag.py:545} INFO - Filling up the DagBag from /opt/airflow/dags/flight-pipeline.py
[2026-05-28T00:18:04.052+0000] {processor.py:840} INFO - DAG(s) 'flights_ops_medallion_pipe' retrieved from /opt/airflow/dags/flight-pipeline.py
[2026-05-28T00:18:04.077+0000] {logging_mixin.py:188} INFO - [2026-05-28T00:18:04.077+0000] {dag.py:3089} INFO - Sync 1 DAGs
[2026-05-28T00:18:04.109+0000] {logging_mixin.py:188} INFO - [2026-05-28T00:18:04.109+0000] {dag.py:3947} INFO - Setting next_dagrun for flights_ops_medallion_pipe to 2026-05-28 00:00:00+00:00, run_after=2026-05-28 00:30:00+00:00
[2026-05-28T00:18:04.129+0000] {processor.py:183} INFO - Processing /opt/airflow/dags/flight-pipeline.py took 0.397 seconds
[2026-05-28T00:18:34.311+0000] {processor.py:161} INFO - Started process (PID=373) to work on /opt/airflow/dags/flight-pipeline.py
[2026-05-28T00:18:34.312+0000] {processor.py:830} INFO - Processing file /opt/airflow/dags/flight-pipeline.py for tasks to queue
[2026-05-28T00:18:34.314+0000] {logging_mixin.py:188} INFO - [2026-05-28T00:18:34.314+0000] {dagbag.py:545} INFO - Filling up the DagBag from /opt/airflow/dags/flight-pipeline.py
[2026-05-28T00:18:34.737+0000] {processor.py:840} INFO - DAG(s) 'flights_ops_medallion_pipe' retrieved from /opt/airflow/dags/flight-pipeline.py
[2026-05-28T00:18:34.773+0000] {logging_mixin.py:188} INFO - [2026-05-28T00:18:34.772+0000] {dag.py:3089} INFO - Sync 1 DAGs
[2026-05-28T00:18:34.810+0000] {logging_mixin.py:188} INFO - [2026-05-28T00:18:34.810+0000] {dag.py:3947} INFO - Setting next_dagrun for flights_ops_medallion_pipe to 2026-05-28 00:00:00+00:00, run_after=2026-05-28 00:30:00+00:00
[2026-05-28T00:18:34.837+0000] {processor.py:183} INFO - Processing /opt/airflow/dags/flight-pipeline.py took 0.532 seconds
[2026-05-28T00:19:05.051+0000] {processor.py:161} INFO - Started process (PID=375) to work on /opt/airflow/dags/flight-pipeline.py
[2026-05-28T00:19:05.053+0000] {processor.py:830} INFO - Processing file /opt/airflow/dags/flight-pipeline.py for tasks to queue
[2026-05-28T00:19:05.055+0000] {logging_mixin.py:188} INFO - [2026-05-28T00:19:05.055+0000] {dagbag.py:545} INFO - Filling up the DagBag from /opt/airflow/dags/flight-pipeline.py
[2026-05-28T00:19:05.509+0000] {processor.py:840} INFO - DAG(s) 'flights_ops_medallion_pipe' retrieved from /opt/airflow/dags/flight-pipeline.py
[2026-05-28T00:19:05.592+0000] {logging_mixin.py:188} INFO - [2026-05-28T00:19:05.591+0000] {dag.py:3089} INFO - Sync 1 DAGs
[2026-05-28T00:19:05.663+0000] {logging_mixin.py:188} INFO - [2026-05-28T00:19:05.663+0000] {dag.py:3947} INFO - Setting next_dagrun for flights_ops_medallion_pipe to 2026-05-28 00:00:00+00:00, run_after=2026-05-28 00:30:00+00:00
[2026-05-28T00:19:06.041+0000] {processor.py:183} INFO - Processing /opt/airflow/dags/flight-pipeline.py took 1.001 seconds
[2026-05-28T00:19:36.199+0000] {processor.py:161} INFO - Started process (PID=377) to work on /opt/airflow/dags/flight-pipeline.py
[2026-05-28T00:19:36.200+0000] {processor.py:830} INFO - Processing file /opt/airflow/dags/flight-pipeline.py for tasks to queue
[2026-05-28T00:19:36.201+0000] {logging_mixin.py:188} INFO - [2026-05-28T00:19:36.201+0000] {dagbag.py:545} INFO - Filling up the DagBag from /opt/airflow/dags/flight-pipeline.py
[2026-05-28T00:19:36.513+0000] {processor.py:840} INFO - DAG(s) 'flights_ops_medallion_pipe' retrieved from /opt/airflow/dags/flight-pipeline.py
[2026-05-28T00:19:36.539+0000] {logging_mixin.py:188} INFO - [2026-05-28T00:19:36.538+0000] {dag.py:3089} INFO - Sync 1 DAGs
[2026-05-28T00:19:36.708+0000] {logging_mixin.py:188} INFO - [2026-05-28T00:19:36.708+0000] {dag.py:3947} INFO - Setting next_dagrun for flights_ops_medallion_pipe to 2026-05-28 00:00:00+00:00, run_after=2026-05-28 00:30:00+00:00
[2026-05-28T00:19:36.725+0000] {processor.py:183} INFO - Processing /opt/airflow/dags/flight-pipeline.py took 0.531 seconds
[2026-05-28T00:20:06.901+0000] {processor.py:161} INFO - Started process (PID=379) to work on /opt/airflow/dags/flight-pipeline.py
[2026-05-28T00:20:06.902+0000] {processor.py:830} INFO - Processing file /opt/airflow/dags/flight-pipeline.py for tasks to queue
[2026-05-28T00:20:06.905+0000] {logging_mixin.py:188} INFO - [2026-05-28T00:20:06.904+0000] {dagbag.py:545} INFO - Filling up the DagBag from /opt/airflow/dags/flight-pipeline.py
[2026-05-28T00:20:07.210+0000] {processor.py:840} INFO - DAG(s) 'flights_ops_medallion_pipe' retrieved from /opt/airflow/dags/flight-pipeline.py
[2026-05-28T00:20:07.238+0000] {logging_mixin.py:188} INFO - [2026-05-28T00:20:07.238+0000] {dag.py:3089} INFO - Sync 1 DAGs
[2026-05-28T00:20:07.401+0000] {logging_mixin.py:188} INFO - [2026-05-28T00:20:07.401+0000] {dag.py:3947} INFO - Setting next_dagrun for flights_ops_medallion_pipe to 2026-05-28 00:00:00+00:00, run_after=2026-05-28 00:30:00+00:00
[2026-05-28T00:20:07.427+0000] {processor.py:183} INFO - Processing /opt/airflow/dags/flight-pipeline.py took 0.531 seconds
[2026-05-28T00:20:37.518+0000] {processor.py:161} INFO - Started process (PID=381) to work on /opt/airflow/dags/flight-pipeline.py
[2026-05-28T00:20:37.520+0000] {processor.py:830} INFO - Processing file /opt/airflow/dags/flight-pipeline.py for tasks to queue
[2026-05-28T00:20:37.522+0000] {logging_mixin.py:188} INFO - [2026-05-28T00:20:37.522+0000] {dagbag.py:545} INFO - Filling up the DagBag from /opt/airflow/dags/flight-pipeline.py
[2026-05-28T00:20:37.951+0000] {processor.py:840} INFO - DAG(s) 'flights_ops_medallion_pipe' retrieved from /opt/airflow/dags/flight-pipeline.py
[2026-05-28T00:20:37.989+0000] {logging_mixin.py:188} INFO - [2026-05-28T00:20:37.989+0000] {dag.py:3089} INFO - Sync 1 DAGs
[2026-05-28T00:20:38.018+0000] {logging_mixin.py:188} INFO - [2026-05-28T00:20:38.018+0000] {dag.py:3947} INFO - Setting next_dagrun for flights_ops_medallion_pipe to 2026-05-28 00:00:00+00:00, run_after=2026-05-28 00:30:00+00:00
[2026-05-28T00:20:38.047+0000] {processor.py:183} INFO - Processing /opt/airflow/dags/flight-pipeline.py took 0.534 seconds
[2026-05-28T00:21:08.234+0000] {processor.py:161} INFO - Started process (PID=383) to work on /opt/airflow/dags/flight-pipeline.py
[2026-05-28T00:21:08.235+0000] {processor.py:830} INFO - Processing file /opt/airflow/dags/flight-pipeline.py for tasks to queue
[2026-05-28T00:21:08.237+0000] {logging_mixin.py:188} INFO - [2026-05-28T00:21:08.237+0000] {dagbag.py:545} INFO - Filling up the DagBag from /opt/airflow/dags/flight-pipeline.py
[2026-05-28T00:21:08.594+0000] {processor.py:840} INFO - DAG(s) 'flights_ops_medallion_pipe' retrieved from /opt/airflow/dags/flight-pipeline.py
[2026-05-28T00:21:08.621+0000] {logging_mixin.py:188} INFO - [2026-05-28T00:21:08.621+0000] {dag.py:3089} INFO - Sync 1 DAGs
[2026-05-28T00:21:08.642+0000] {logging_mixin.py:188} INFO - [2026-05-28T00:21:08.641+0000] {dag.py:3947} INFO - Setting next_dagrun for flights_ops_medallion_pipe to 2026-05-28 00:00:00+00:00, run_after=2026-05-28 00:30:00+00:00
[2026-05-28T00:21:08.660+0000] {processor.py:183} INFO - Processing /opt/airflow/dags/flight-pipeline.py took 0.433 seconds
[2026-05-28T00:21:20.764+0000] {processor.py:161} INFO - Started process (PID=385) to work on /opt/airflow/dags/flight-pipeline.py
[2026-05-28T00:21:20.765+0000] {processor.py:830} INFO - Processing file /opt/airflow/dags/flight-pipeline.py for tasks to queue
[2026-05-28T00:21:20.767+0000] {logging_mixin.py:188} INFO - [2026-05-28T00:21:20.766+0000] {dagbag.py:545} INFO - Filling up the DagBag from /opt/airflow/dags/flight-pipeline.py
[2026-05-28T00:21:21.128+0000] {processor.py:840} INFO - DAG(s) 'flights_ops_medallion_pipe' retrieved from /opt/airflow/dags/flight-pipeline.py
[2026-05-28T00:21:21.470+0000] {logging_mixin.py:188} INFO - [2026-05-28T00:21:21.469+0000] {dag.py:3089} INFO - Sync 1 DAGs
[2026-05-28T00:21:21.490+0000] {logging_mixin.py:188} INFO - [2026-05-28T00:21:21.489+0000] {dag.py:3947} INFO - Setting next_dagrun for flights_ops_medallion_pipe to 2026-05-28 00:00:00+00:00, run_after=2026-05-28 00:30:00+00:00
[2026-05-28T00:21:21.511+0000] {processor.py:183} INFO - Processing /opt/airflow/dags/flight-pipeline.py took 0.753 seconds
[2026-05-28T00:21:51.676+0000] {processor.py:161} INFO - Started process (PID=387) to work on /opt/airflow/dags/flight-pipeline.py
[2026-05-28T00:21:51.677+0000] {processor.py:830} INFO - Processing file /opt/airflow/dags/flight-pipeline.py for tasks to queue
[2026-05-28T00:21:51.679+0000] {logging_mixin.py:188} INFO - [2026-05-28T00:21:51.679+0000] {dagbag.py:545} INFO - Filling up the DagBag from /opt/airflow/dags/flight-pipeline.py
[2026-05-28T00:21:52.031+0000] {processor.py:840} INFO - DAG(s) 'flights_ops_medallion_pipe' retrieved from /opt/airflow/dags/flight-pipeline.py
[2026-05-28T00:21:52.058+0000] {logging_mixin.py:188} INFO - [2026-05-28T00:21:52.057+0000] {dag.py:3089} INFO - Sync 1 DAGs
[2026-05-28T00:21:52.080+0000] {logging_mixin.py:188} INFO - [2026-05-28T00:21:52.079+0000] {dag.py:3947} INFO - Setting next_dagrun for flights_ops_medallion_pipe to 2026-05-28 00:00:00+00:00, run_after=2026-05-28 00:30:00+00:00
[2026-05-28T00:21:52.098+0000] {processor.py:183} INFO - Processing /opt/airflow/dags/flight-pipeline.py took 0.428 seconds
[2026-05-28T00:22:22.275+0000] {processor.py:161} INFO - Started process (PID=390) to work on /opt/airflow/dags/flight-pipeline.py
[2026-05-28T00:22:22.277+0000] {processor.py:830} INFO - Processing file /opt/airflow/dags/flight-pipeline.py for tasks to queue
[2026-05-28T00:22:22.279+0000] {logging_mixin.py:188} INFO - [2026-05-28T00:22:22.279+0000] {dagbag.py:545} INFO - Filling up the DagBag from /opt/airflow/dags/flight-pipeline.py
[2026-05-28T00:22:22.723+0000] {processor.py:840} INFO - DAG(s) 'flights_ops_medallion_pipe' retrieved from /opt/airflow/dags/flight-pipeline.py
[2026-05-28T00:22:22.762+0000] {logging_mixin.py:188} INFO - [2026-05-28T00:22:22.761+0000] {dag.py:3089} INFO - Sync 1 DAGs
[2026-05-28T00:22:22.804+0000] {logging_mixin.py:188} INFO - [2026-05-28T00:22:22.804+0000] {dag.py:3947} INFO - Setting next_dagrun for flights_ops_medallion_pipe to 2026-05-28 00:00:00+00:00, run_after=2026-05-28 00:30:00+00:00
[2026-05-28T00:22:23.048+0000] {processor.py:183} INFO - Processing /opt/airflow/dags/flight-pipeline.py took 0.782 seconds
[2026-05-28T00:22:53.225+0000] {processor.py:161} INFO - Started process (PID=433) to work on /opt/airflow/dags/flight-pipeline.py
[2026-05-28T00:22:53.227+0000] {processor.py:830} INFO - Processing file /opt/airflow/dags/flight-pipeline.py for tasks to queue
[2026-05-28T00:22:53.231+0000] {logging_mixin.py:188} INFO - [2026-05-28T00:22:53.229+0000] {dagbag.py:545} INFO - Filling up the DagBag from /opt/airflow/dags/flight-pipeline.py
[2026-05-28T00:22:53.659+0000] {processor.py:840} INFO - DAG(s) 'flights_ops_medallion_pipe' retrieved from /opt/airflow/dags/flight-pipeline.py
[2026-05-28T00:22:53.704+0000] {logging_mixin.py:188} INFO - [2026-05-28T00:22:53.703+0000] {dag.py:3089} INFO - Sync 1 DAGs
[2026-05-28T00:22:53.961+0000] {logging_mixin.py:188} INFO - [2026-05-28T00:22:53.961+0000] {dag.py:3947} INFO - Setting next_dagrun for flights_ops_medallion_pipe to 2026-05-28 00:00:00+00:00, run_after=2026-05-28 00:30:00+00:00
[2026-05-28T00:22:53.982+0000] {processor.py:183} INFO - Processing /opt/airflow/dags/flight-pipeline.py took 0.763 seconds
[2026-05-28T00:23:24.157+0000] {processor.py:161} INFO - Started process (PID=435) to work on /opt/airflow/dags/flight-pipeline.py
[2026-05-28T00:23:24.158+0000] {processor.py:830} INFO - Processing file /opt/airflow/dags/flight-pipeline.py for tasks to queue
[2026-05-28T00:23:24.161+0000] {logging_mixin.py:188} INFO - [2026-05-28T00:23:24.161+0000] {dagbag.py:545} INFO - Filling up the DagBag from /opt/airflow/dags/flight-pipeline.py
[2026-05-28T00:23:24.546+0000] {processor.py:840} INFO - DAG(s) 'flights_ops_medallion_pipe' retrieved from /opt/airflow/dags/flight-pipeline.py
[2026-05-28T00:23:24.796+0000] {logging_mixin.py:188} INFO - [2026-05-28T00:23:24.795+0000] {dag.py:3089} INFO - Sync 1 DAGs
[2026-05-28T00:23:24.827+0000] {logging_mixin.py:188} INFO - [2026-05-28T00:23:24.827+0000] {dag.py:3947} INFO - Setting next_dagrun for flights_ops_medallion_pipe to 2026-05-28 00:00:00+00:00, run_after=2026-05-28 00:30:00+00:00
[2026-05-28T00:23:24.861+0000] {processor.py:183} INFO - Processing /opt/airflow/dags/flight-pipeline.py took 0.711 seconds
[2026-05-28T00:23:55.085+0000] {processor.py:161} INFO - Started process (PID=437) to work on /opt/airflow/dags/flight-pipeline.py
[2026-05-28T00:23:55.086+0000] {processor.py:830} INFO - Processing file /opt/airflow/dags/flight-pipeline.py for tasks to queue
[2026-05-28T00:23:55.088+0000] {logging_mixin.py:188} INFO - [2026-05-28T00:23:55.088+0000] {dagbag.py:545} INFO - Filling up the DagBag from /opt/airflow/dags/flight-pipeline.py
[2026-05-28T00:23:55.471+0000] {processor.py:840} INFO - DAG(s) 'flights_ops_medallion_pipe' retrieved from /opt/airflow/dags/flight-pipeline.py
[2026-05-28T00:23:55.497+0000] {logging_mixin.py:188} INFO - [2026-05-28T00:23:55.497+0000] {dag.py:3089} INFO - Sync 1 DAGs
[2026-05-28T00:23:55.519+0000] {logging_mixin.py:188} INFO - [2026-05-28T00:23:55.519+0000] {dag.py:3947} INFO - Setting next_dagrun for flights_ops_medallion_pipe to 2026-05-28 00:00:00+00:00, run_after=2026-05-28 00:30:00+00:00
[2026-05-28T00:23:55.543+0000] {processor.py:183} INFO - Processing /opt/airflow/dags/flight-pipeline.py took 0.464 seconds
[2026-05-28T00:24:25.709+0000] {processor.py:161} INFO - Started process (PID=439) to work on /opt/airflow/dags/flight-pipeline.py
[2026-05-28T00:24:25.710+0000] {processor.py:830} INFO - Processing file /opt/airflow/dags/flight-pipeline.py for tasks to queue
[2026-05-28T00:24:25.712+0000] {logging_mixin.py:188} INFO - [2026-05-28T00:24:25.711+0000] {dagbag.py:545} INFO - Filling up the DagBag from /opt/airflow/dags/flight-pipeline.py
[2026-05-28T00:24:26.102+0000] {processor.py:840} INFO - DAG(s) 'flights_ops_medallion_pipe' retrieved from /opt/airflow/dags/flight-pipeline.py
[2026-05-28T00:24:26.132+0000] {logging_mixin.py:188} INFO - [2026-05-28T00:24:26.131+0000] {dag.py:3089} INFO - Sync 1 DAGs
[2026-05-28T00:24:26.156+0000] {logging_mixin.py:188} INFO - [2026-05-28T00:24:26.156+0000] {dag.py:3947} INFO - Setting next_dagrun for flights_ops_medallion_pipe to 2026-05-28 00:00:00+00:00, run_after=2026-05-28 00:30:00+00:00
[2026-05-28T00:24:26.187+0000] {processor.py:183} INFO - Processing /opt/airflow/dags/flight-pipeline.py took 0.485 seconds
[2026-05-28T00:24:56.390+0000] {processor.py:161} INFO - Started process (PID=441) to work on /opt/airflow/dags/flight-pipeline.py
[2026-05-28T00:24:56.391+0000] {processor.py:830} INFO - Processing file /opt/airflow/dags/flight-pipeline.py for tasks to queue
[2026-05-28T00:24:56.393+0000] {logging_mixin.py:188} INFO - [2026-05-28T00:24:56.392+0000] {dagbag.py:545} INFO - Filling up the DagBag from /opt/airflow/dags/flight-pipeline.py
[2026-05-28T00:24:56.822+0000] {processor.py:840} INFO - DAG(s) 'flights_ops_medallion_pipe' retrieved from /opt/airflow/dags/flight-pipeline.py
[2026-05-28T00:24:56.855+0000] {logging_mixin.py:188} INFO - [2026-05-28T00:24:56.854+0000] {dag.py:3089} INFO - Sync 1 DAGs
[2026-05-28T00:24:56.880+0000] {logging_mixin.py:188} INFO - [2026-05-28T00:24:56.880+0000] {dag.py:3947} INFO - Setting next_dagrun for flights_ops_medallion_pipe to 2026-05-28 00:00:00+00:00, run_after=2026-05-28 00:30:00+00:00
[2026-05-28T00:24:57.057+0000] {processor.py:183} INFO - Processing /opt/airflow/dags/flight-pipeline.py took 0.673 seconds
[2026-05-28T00:25:27.238+0000] {processor.py:161} INFO - Started process (PID=443) to work on /opt/airflow/dags/flight-pipeline.py
[2026-05-28T00:25:27.240+0000] {processor.py:830} INFO - Processing file /opt/airflow/dags/flight-pipeline.py for tasks to queue
[2026-05-28T00:25:27.243+0000] {logging_mixin.py:188} INFO - [2026-05-28T00:25:27.243+0000] {dagbag.py:545} INFO - Filling up the DagBag from /opt/airflow/dags/flight-pipeline.py
[2026-05-28T00:25:27.651+0000] {processor.py:840} INFO - DAG(s) 'flights_ops_medallion_pipe' retrieved from /opt/airflow/dags/flight-pipeline.py
[2026-05-28T00:25:27.687+0000] {logging_mixin.py:188} INFO - [2026-05-28T00:25:27.686+0000] {dag.py:3089} INFO - Sync 1 DAGs
[2026-05-28T00:25:27.960+0000] {logging_mixin.py:188} INFO - [2026-05-28T00:25:27.959+0000] {dag.py:3947} INFO - Setting next_dagrun for flights_ops_medallion_pipe to 2026-05-28 00:00:00+00:00, run_after=2026-05-28 00:30:00+00:00
[2026-05-28T00:25:27.989+0000] {processor.py:183} INFO - Processing /opt/airflow/dags/flight-pipeline.py took 0.758 seconds
[2026-05-28T00:25:58.191+0000] {processor.py:161} INFO - Started process (PID=445) to work on /opt/airflow/dags/flight-pipeline.py
[2026-05-28T00:25:58.192+0000] {processor.py:830} INFO - Processing file /opt/airflow/dags/flight-pipeline.py for tasks to queue
[2026-05-28T00:25:58.195+0000] {logging_mixin.py:188} INFO - [2026-05-28T00:25:58.194+0000] {dagbag.py:545} INFO - Filling up the DagBag from /opt/airflow/dags/flight-pipeline.py
[2026-05-28T00:25:58.587+0000] {processor.py:840} INFO - DAG(s) 'flights_ops_medallion_pipe' retrieved from /opt/airflow/dags/flight-pipeline.py
[2026-05-28T00:25:58.622+0000] {logging_mixin.py:188} INFO - [2026-05-28T00:25:58.621+0000] {dag.py:3089} INFO - Sync 1 DAGs
[2026-05-28T00:25:58.851+0000] {logging_mixin.py:188} INFO - [2026-05-28T00:25:58.851+0000] {dag.py:3947} INFO - Setting next_dagrun for flights_ops_medallion_pipe to 2026-05-28 00:00:00+00:00, run_after=2026-05-28 00:30:00+00:00
[2026-05-28T00:25:58.870+0000] {processor.py:183} INFO - Processing /opt/airflow/dags/flight-pipeline.py took 0.686 seconds
[2026-05-28T00:26:29.058+0000] {processor.py:161} INFO - Started process (PID=447) to work on /opt/airflow/dags/flight-pipeline.py
[2026-05-28T00:26:29.059+0000] {processor.py:830} INFO - Processing file /opt/airflow/dags/flight-pipeline.py for tasks to queue
[2026-05-28T00:26:29.060+0000] {logging_mixin.py:188} INFO - [2026-05-28T00:26:29.060+0000] {dagbag.py:545} INFO - Filling up the DagBag from /opt/airflow/dags/flight-pipeline.py
[2026-05-28T00:26:29.421+0000] {processor.py:840} INFO - DAG(s) 'flights_ops_medallion_pipe' retrieved from /opt/airflow/dags/flight-pipeline.py
[2026-05-28T00:26:29.630+0000] {logging_mixin.py:188} INFO - [2026-05-28T00:26:29.629+0000] {dag.py:3089} INFO - Sync 1 DAGs
[2026-05-28T00:26:29.653+0000] {logging_mixin.py:188} INFO - [2026-05-28T00:26:29.653+0000] {dag.py:3947} INFO - Setting next_dagrun for flights_ops_medallion_pipe to 2026-05-28 00:00:00+00:00, run_after=2026-05-28 00:30:00+00:00
[2026-05-28T00:26:29.671+0000] {processor.py:183} INFO - Processing /opt/airflow/dags/flight-pipeline.py took 0.619 seconds
[2026-05-28T00:26:59.832+0000] {processor.py:161} INFO - Started process (PID=449) to work on /opt/airflow/dags/flight-pipeline.py
[2026-05-28T00:26:59.833+0000] {processor.py:830} INFO - Processing file /opt/airflow/dags/flight-pipeline.py for tasks to queue
[2026-05-28T00:26:59.835+0000] {logging_mixin.py:188} INFO - [2026-05-28T00:26:59.834+0000] {dagbag.py:545} INFO - Filling up the DagBag from /opt/airflow/dags/flight-pipeline.py
[2026-05-28T00:27:00.195+0000] {processor.py:840} INFO - DAG(s) 'flights_ops_medallion_pipe' retrieved from /opt/airflow/dags/flight-pipeline.py
[2026-05-28T00:27:00.225+0000] {logging_mixin.py:188} INFO - [2026-05-28T00:27:00.225+0000] {dag.py:3089} INFO - Sync 1 DAGs
[2026-05-28T00:27:00.248+0000] {logging_mixin.py:188} INFO - [2026-05-28T00:27:00.248+0000] {dag.py:3947} INFO - Setting next_dagrun for flights_ops_medallion_pipe to 2026-05-28 00:00:00+00:00, run_after=2026-05-28 00:30:00+00:00
[2026-05-28T00:27:00.271+0000] {processor.py:183} INFO - Processing /opt/airflow/dags/flight-pipeline.py took 0.444 seconds
[2026-05-28T00:27:30.446+0000] {processor.py:161} INFO - Started process (PID=451) to work on /opt/airflow/dags/flight-pipeline.py
[2026-05-28T00:27:30.446+0000] {processor.py:830} INFO - Processing file /opt/airflow/dags/flight-pipeline.py for tasks to queue
[2026-05-28T00:27:30.448+0000] {logging_mixin.py:188} INFO - [2026-05-28T00:27:30.448+0000] {dagbag.py:545} INFO - Filling up the DagBag from /opt/airflow/dags/flight-pipeline.py
[2026-05-28T00:27:30.854+0000] {processor.py:840} INFO - DAG(s) 'flights_ops_medallion_pipe' retrieved from /opt/airflow/dags/flight-pipeline.py
[2026-05-28T00:27:30.886+0000] {logging_mixin.py:188} INFO - [2026-05-28T00:27:30.885+0000] {dag.py:3089} INFO - Sync 1 DAGs
[2026-05-28T00:27:30.911+0000] {logging_mixin.py:188} INFO - [2026-05-28T00:27:30.911+0000] {dag.py:3947} INFO - Setting next_dagrun for flights_ops_medallion_pipe to 2026-05-28 00:00:00+00:00, run_after=2026-05-28 00:30:00+00:00
[2026-05-28T00:27:30.930+0000] {processor.py:183} INFO - Processing /opt/airflow/dags/flight-pipeline.py took 0.490 seconds
[2026-05-28T00:28:01.132+0000] {processor.py:161} INFO - Started process (PID=453) to work on /opt/airflow/dags/flight-pipeline.py
[2026-05-28T00:28:01.133+0000] {processor.py:830} INFO - Processing file /opt/airflow/dags/flight-pipeline.py for tasks to queue
[2026-05-28T00:28:01.136+0000] {logging_mixin.py:188} INFO - [2026-05-28T00:28:01.136+0000] {dagbag.py:545} INFO - Filling up the DagBag from /opt/airflow/dags/flight-pipeline.py
[2026-05-28T00:28:01.575+0000] {processor.py:840} INFO - DAG(s) 'flights_ops_medallion_pipe' retrieved from /opt/airflow/dags/flight-pipeline.py
[2026-05-28T00:28:01.623+0000] {logging_mixin.py:188} INFO - [2026-05-28T00:28:01.622+0000] {dag.py:3089} INFO - Sync 1 DAGs
[2026-05-28T00:28:01.662+0000] {logging_mixin.py:188} INFO - [2026-05-28T00:28:01.661+0000] {dag.py:3947} INFO - Setting next_dagrun for flights_ops_medallion_pipe to 2026-05-28 00:00:00+00:00, run_after=2026-05-28 00:30:00+00:00
[2026-05-28T00:28:01.879+0000] {processor.py:183} INFO - Processing /opt/airflow/dags/flight-pipeline.py took 0.756 seconds
[2026-05-28T00:28:32.090+0000] {processor.py:161} INFO - Started process (PID=455) to work on /opt/airflow/dags/flight-pipeline.py
[2026-05-28T00:28:32.091+0000] {processor.py:830} INFO - Processing file /opt/airflow/dags/flight-pipeline.py for tasks to queue
[2026-05-28T00:28:32.095+0000] {logging_mixin.py:188} INFO - [2026-05-28T00:28:32.095+0000] {dagbag.py:545} INFO - Filling up the DagBag from /opt/airflow/dags/flight-pipeline.py
[2026-05-28T00:28:32.519+0000] {processor.py:840} INFO - DAG(s) 'flights_ops_medallion_pipe' retrieved from /opt/airflow/dags/flight-pipeline.py
[2026-05-28T00:28:32.549+0000] {logging_mixin.py:188} INFO - [2026-05-28T00:28:32.548+0000] {dag.py:3089} INFO - Sync 1 DAGs
[2026-05-28T00:28:32.734+0000] {logging_mixin.py:188} INFO - [2026-05-28T00:28:32.734+0000] {dag.py:3947} INFO - Setting next_dagrun for flights_ops_medallion_pipe to 2026-05-28 00:00:00+00:00, run_after=2026-05-28 00:30:00+00:00
[2026-05-28T00:28:32.755+0000] {processor.py:183} INFO - Processing /opt/airflow/dags/flight-pipeline.py took 0.683 seconds
[2026-05-28T00:29:02.906+0000] {processor.py:161} INFO - Started process (PID=457) to work on /opt/airflow/dags/flight-pipeline.py
[2026-05-28T00:29:02.907+0000] {processor.py:830} INFO - Processing file /opt/airflow/dags/flight-pipeline.py for tasks to queue
[2026-05-28T00:29:02.910+0000] {logging_mixin.py:188} INFO - [2026-05-28T00:29:02.909+0000] {dagbag.py:545} INFO - Filling up the DagBag from /opt/airflow/dags/flight-pipeline.py
[2026-05-28T00:29:03.259+0000] {processor.py:840} INFO - DAG(s) 'flights_ops_medallion_pipe' retrieved from /opt/airflow/dags/flight-pipeline.py
[2026-05-28T00:29:03.298+0000] {logging_mixin.py:188} INFO - [2026-05-28T00:29:03.297+0000] {dag.py:3089} INFO - Sync 1 DAGs
[2026-05-28T00:29:03.483+0000] {logging_mixin.py:188} INFO - [2026-05-28T00:29:03.483+0000] {dag.py:3947} INFO - Setting next_dagrun for flights_ops_medallion_pipe to 2026-05-28 00:00:00+00:00, run_after=2026-05-28 00:30:00+00:00
[2026-05-28T00:29:03.506+0000] {processor.py:183} INFO - Processing /opt/airflow/dags/flight-pipeline.py took 0.606 seconds
[2026-05-28T00:29:33.694+0000] {processor.py:161} INFO - Started process (PID=459) to work on /opt/airflow/dags/flight-pipeline.py
[2026-05-28T00:29:33.695+0000] {processor.py:830} INFO - Processing file /opt/airflow/dags/flight-pipeline.py for tasks to queue
[2026-05-28T00:29:33.698+0000] {logging_mixin.py:188} INFO - [2026-05-28T00:29:33.697+0000] {dagbag.py:545} INFO - Filling up the DagBag from /opt/airflow/dags/flight-pipeline.py
[2026-05-28T00:29:34.083+0000] {processor.py:840} INFO - DAG(s) 'flights_ops_medallion_pipe' retrieved from /opt/airflow/dags/flight-pipeline.py
[2026-05-28T00:29:34.304+0000] {logging_mixin.py:188} INFO - [2026-05-28T00:29:34.304+0000] {dag.py:3089} INFO - Sync 1 DAGs
[2026-05-28T00:29:34.328+0000] {logging_mixin.py:188} INFO - [2026-05-28T00:29:34.328+0000] {dag.py:3947} INFO - Setting next_dagrun for flights_ops_medallion_pipe to 2026-05-28 00:00:00+00:00, run_after=2026-05-28 00:30:00+00:00
[2026-05-28T00:29:34.349+0000] {processor.py:183} INFO - Processing /opt/airflow/dags/flight-pipeline.py took 0.662 seconds
[2026-05-28T00:30:04.527+0000] {processor.py:161} INFO - Started process (PID=475) to work on /opt/airflow/dags/flight-pipeline.py
[2026-05-28T00:30:04.528+0000] {processor.py:830} INFO - Processing file /opt/airflow/dags/flight-pipeline.py for tasks to queue
[2026-05-28T00:30:04.530+0000] {logging_mixin.py:188} INFO - [2026-05-28T00:30:04.530+0000] {dagbag.py:545} INFO - Filling up the DagBag from /opt/airflow/dags/flight-pipeline.py
[2026-05-28T00:30:04.900+0000] {processor.py:840} INFO - DAG(s) 'flights_ops_medallion_pipe' retrieved from /opt/airflow/dags/flight-pipeline.py
[2026-05-28T00:30:04.930+0000] {logging_mixin.py:188} INFO - [2026-05-28T00:30:04.930+0000] {dag.py:3089} INFO - Sync 1 DAGs
[2026-05-28T00:30:04.955+0000] {logging_mixin.py:188} INFO - [2026-05-28T00:30:04.954+0000] {dag.py:3947} INFO - Setting next_dagrun for flights_ops_medallion_pipe to 2026-05-28 00:30:00+00:00, run_after=2026-05-28 01:00:00+00:00
[2026-05-28T00:30:04.975+0000] {processor.py:183} INFO - Processing /opt/airflow/dags/flight-pipeline.py took 0.456 seconds
[2026-05-28T00:30:35.144+0000] {processor.py:161} INFO - Started process (PID=505) to work on /opt/airflow/dags/flight-pipeline.py
[2026-05-28T00:30:35.146+0000] {processor.py:830} INFO - Processing file /opt/airflow/dags/flight-pipeline.py for tasks to queue
[2026-05-28T00:30:35.148+0000] {logging_mixin.py:188} INFO - [2026-05-28T00:30:35.147+0000] {dagbag.py:545} INFO - Filling up the DagBag from /opt/airflow/dags/flight-pipeline.py
[2026-05-28T00:30:35.542+0000] {processor.py:840} INFO - DAG(s) 'flights_ops_medallion_pipe' retrieved from /opt/airflow/dags/flight-pipeline.py
[2026-05-28T00:30:35.576+0000] {logging_mixin.py:188} INFO - [2026-05-28T00:30:35.575+0000] {dag.py:3089} INFO - Sync 1 DAGs
[2026-05-28T00:30:35.603+0000] {logging_mixin.py:188} INFO - [2026-05-28T00:30:35.603+0000] {dag.py:3947} INFO - Setting next_dagrun for flights_ops_medallion_pipe to 2026-05-28 00:30:00+00:00, run_after=2026-05-28 01:00:00+00:00
[2026-05-28T00:30:35.625+0000] {processor.py:183} INFO - Processing /opt/airflow/dags/flight-pipeline.py took 0.486 seconds
[2026-05-28T00:31:05.863+0000] {processor.py:161} INFO - Started process (PID=507) to work on /opt/airflow/dags/flight-pipeline.py
[2026-05-28T00:31:05.864+0000] {processor.py:830} INFO - Processing file /opt/airflow/dags/flight-pipeline.py for tasks to queue
[2026-05-28T00:31:05.866+0000] {logging_mixin.py:188} INFO - [2026-05-28T00:31:05.866+0000] {dagbag.py:545} INFO - Filling up the DagBag from /opt/airflow/dags/flight-pipeline.py
[2026-05-28T00:31:06.264+0000] {processor.py:840} INFO - DAG(s) 'flights_ops_medallion_pipe' retrieved from /opt/airflow/dags/flight-pipeline.py
[2026-05-28T00:31:06.294+0000] {logging_mixin.py:188} INFO - [2026-05-28T00:31:06.293+0000] {dag.py:3089} INFO - Sync 1 DAGs
[2026-05-28T00:31:06.319+0000] {logging_mixin.py:188} INFO - [2026-05-28T00:31:06.319+0000] {dag.py:3947} INFO - Setting next_dagrun for flights_ops_medallion_pipe to 2026-05-28 00:30:00+00:00, run_after=2026-05-28 01:00:00+00:00
[2026-05-28T00:31:06.507+0000] {processor.py:183} INFO - Processing /opt/airflow/dags/flight-pipeline.py took 0.651 seconds
[2026-05-28T00:31:36.671+0000] {processor.py:161} INFO - Started process (PID=509) to work on /opt/airflow/dags/flight-pipeline.py
[2026-05-28T00:31:36.673+0000] {processor.py:830} INFO - Processing file /opt/airflow/dags/flight-pipeline.py for tasks to queue
[2026-05-28T00:31:36.674+0000] {logging_mixin.py:188} INFO - [2026-05-28T00:31:36.674+0000] {dagbag.py:545} INFO - Filling up the DagBag from /opt/airflow/dags/flight-pipeline.py
[2026-05-28T00:31:37.024+0000] {processor.py:840} INFO - DAG(s) 'flights_ops_medallion_pipe' retrieved from /opt/airflow/dags/flight-pipeline.py
[2026-05-28T00:31:37.056+0000] {logging_mixin.py:188} INFO - [2026-05-28T00:31:37.055+0000] {dag.py:3089} INFO - Sync 1 DAGs
[2026-05-28T00:31:37.247+0000] {logging_mixin.py:188} INFO - [2026-05-28T00:31:37.247+0000] {dag.py:3947} INFO - Setting next_dagrun for flights_ops_medallion_pipe to 2026-05-28 00:30:00+00:00, run_after=2026-05-28 01:00:00+00:00
[2026-05-28T00:31:37.267+0000] {processor.py:183} INFO - Processing /opt/airflow/dags/flight-pipeline.py took 0.601 seconds
[2026-05-28T00:32:07.451+0000] {processor.py:161} INFO - Started process (PID=511) to work on /opt/airflow/dags/flight-pipeline.py
[2026-05-28T00:32:07.452+0000] {processor.py:830} INFO - Processing file /opt/airflow/dags/flight-pipeline.py for tasks to queue
[2026-05-28T00:32:07.454+0000] {logging_mixin.py:188} INFO - [2026-05-28T00:32:07.454+0000] {dagbag.py:545} INFO - Filling up the DagBag from /opt/airflow/dags/flight-pipeline.py
[2026-05-28T00:32:07.782+0000] {processor.py:840} INFO - DAG(s) 'flights_ops_medallion_pipe' retrieved from /opt/airflow/dags/flight-pipeline.py
[2026-05-28T00:32:07.811+0000] {logging_mixin.py:188} INFO - [2026-05-28T00:32:07.811+0000] {dag.py:3089} INFO - Sync 1 DAGs
[2026-05-28T00:32:07.988+0000] {logging_mixin.py:188} INFO - [2026-05-28T00:32:07.987+0000] {dag.py:3947} INFO - Setting next_dagrun for flights_ops_medallion_pipe to 2026-05-28 00:30:00+00:00, run_after=2026-05-28 01:00:00+00:00
[2026-05-28T00:32:08.007+0000] {processor.py:183} INFO - Processing /opt/airflow/dags/flight-pipeline.py took 0.561 seconds
[2026-05-28T00:32:38.171+0000] {processor.py:161} INFO - Started process (PID=513) to work on /opt/airflow/dags/flight-pipeline.py
[2026-05-28T00:32:38.172+0000] {processor.py:830} INFO - Processing file /opt/airflow/dags/flight-pipeline.py for tasks to queue
[2026-05-28T00:32:38.174+0000] {logging_mixin.py:188} INFO - [2026-05-28T00:32:38.174+0000] {dagbag.py:545} INFO - Filling up the DagBag from /opt/airflow/dags/flight-pipeline.py
[2026-05-28T00:32:38.523+0000] {processor.py:840} INFO - DAG(s) 'flights_ops_medallion_pipe' retrieved from /opt/airflow/dags/flight-pipeline.py
[2026-05-28T00:32:38.723+0000] {logging_mixin.py:188} INFO - [2026-05-28T00:32:38.722+0000] {dag.py:3089} INFO - Sync 1 DAGs
[2026-05-28T00:32:38.748+0000] {logging_mixin.py:188} INFO - [2026-05-28T00:32:38.747+0000] {dag.py:3947} INFO - Setting next_dagrun for flights_ops_medallion_pipe to 2026-05-28 00:30:00+00:00, run_after=2026-05-28 01:00:00+00:00
[2026-05-28T00:32:38.771+0000] {processor.py:183} INFO - Processing /opt/airflow/dags/flight-pipeline.py took 0.606 seconds
[2026-05-28T00:33:08.951+0000] {processor.py:161} INFO - Started process (PID=515) to work on /opt/airflow/dags/flight-pipeline.py
[2026-05-28T00:33:08.952+0000] {processor.py:830} INFO - Processing file /opt/airflow/dags/flight-pipeline.py for tasks to queue
[2026-05-28T00:33:08.955+0000] {logging_mixin.py:188} INFO - [2026-05-28T00:33:08.955+0000] {dagbag.py:545} INFO - Filling up the DagBag from /opt/airflow/dags/flight-pipeline.py
[2026-05-28T00:33:09.298+0000] {processor.py:840} INFO - DAG(s) 'flights_ops_medallion_pipe' retrieved from /opt/airflow/dags/flight-pipeline.py
[2026-05-28T00:33:09.328+0000] {logging_mixin.py:188} INFO - [2026-05-28T00:33:09.327+0000] {dag.py:3089} INFO - Sync 1 DAGs
[2026-05-28T00:33:09.352+0000] {logging_mixin.py:188} INFO - [2026-05-28T00:33:09.352+0000] {dag.py:3947} INFO - Setting next_dagrun for flights_ops_medallion_pipe to 2026-05-28 00:30:00+00:00, run_after=2026-05-28 01:00:00+00:00
[2026-05-28T00:33:09.371+0000] {processor.py:183} INFO - Processing /opt/airflow/dags/flight-pipeline.py took 0.426 seconds
[2026-05-28T00:33:39.503+0000] {processor.py:161} INFO - Started process (PID=517) to work on /opt/airflow/dags/flight-pipeline.py
[2026-05-28T00:33:39.504+0000] {processor.py:830} INFO - Processing file /opt/airflow/dags/flight-pipeline.py for tasks to queue
[2026-05-28T00:33:39.506+0000] {logging_mixin.py:188} INFO - [2026-05-28T00:33:39.506+0000] {dagbag.py:545} INFO - Filling up the DagBag from /opt/airflow/dags/flight-pipeline.py
[2026-05-28T00:33:39.848+0000] {processor.py:840} INFO - DAG(s) 'flights_ops_medallion_pipe' retrieved from /opt/airflow/dags/flight-pipeline.py
[2026-05-28T00:33:39.877+0000] {logging_mixin.py:188} INFO - [2026-05-28T00:33:39.876+0000] {dag.py:3089} INFO - Sync 1 DAGs
[2026-05-28T00:33:39.900+0000] {logging_mixin.py:188} INFO - [2026-05-28T00:33:39.900+0000] {dag.py:3947} INFO - Setting next_dagrun for flights_ops_medallion_pipe to 2026-05-28 00:30:00+00:00, run_after=2026-05-28 01:00:00+00:00
[2026-05-28T00:33:39.922+0000] {processor.py:183} INFO - Processing /opt/airflow/dags/flight-pipeline.py took 0.426 seconds
[2026-05-28T00:34:10.091+0000] {processor.py:161} INFO - Started process (PID=519) to work on /opt/airflow/dags/flight-pipeline.py
[2026-05-28T00:34:10.092+0000] {processor.py:830} INFO - Processing file /opt/airflow/dags/flight-pipeline.py for tasks to queue
[2026-05-28T00:34:10.095+0000] {logging_mixin.py:188} INFO - [2026-05-28T00:34:10.094+0000] {dagbag.py:545} INFO - Filling up the DagBag from /opt/airflow/dags/flight-pipeline.py
[2026-05-28T00:34:10.618+0000] {processor.py:840} INFO - DAG(s) 'flights_ops_medallion_pipe' retrieved from /opt/airflow/dags/flight-pipeline.py
[2026-05-28T00:34:10.652+0000] {logging_mixin.py:188} INFO - [2026-05-28T00:34:10.652+0000] {dag.py:3089} INFO - Sync 1 DAGs
[2026-05-28T00:34:10.681+0000] {logging_mixin.py:188} INFO - [2026-05-28T00:34:10.680+0000] {dag.py:3947} INFO - Setting next_dagrun for flights_ops_medallion_pipe to 2026-05-28 00:30:00+00:00, run_after=2026-05-28 01:00:00+00:00
[2026-05-28T00:34:10.888+0000] {processor.py:183} INFO - Processing /opt/airflow/dags/flight-pipeline.py took 0.802 seconds
[2026-05-28T00:34:41.058+0000] {processor.py:161} INFO - Started process (PID=521) to work on /opt/airflow/dags/flight-pipeline.py
[2026-05-28T00:34:41.059+0000] {processor.py:830} INFO - Processing file /opt/airflow/dags/flight-pipeline.py for tasks to queue
[2026-05-28T00:34:41.062+0000] {logging_mixin.py:188} INFO - [2026-05-28T00:34:41.061+0000] {dagbag.py:545} INFO - Filling up the DagBag from /opt/airflow/dags/flight-pipeline.py
[2026-05-28T00:34:41.454+0000] {processor.py:840} INFO - DAG(s) 'flights_ops_medallion_pipe' retrieved from /opt/airflow/dags/flight-pipeline.py
[2026-05-28T00:34:41.503+0000] {logging_mixin.py:188} INFO - [2026-05-28T00:34:41.503+0000] {dag.py:3089} INFO - Sync 1 DAGs
[2026-05-28T00:34:41.779+0000] {logging_mixin.py:188} INFO - [2026-05-28T00:34:41.779+0000] {dag.py:3947} INFO - Setting next_dagrun for flights_ops_medallion_pipe to 2026-05-28 00:30:00+00:00, run_after=2026-05-28 01:00:00+00:00
[2026-05-28T00:34:41.827+0000] {processor.py:183} INFO - Processing /opt/airflow/dags/flight-pipeline.py took 0.776 seconds
[2026-05-28T00:35:11.981+0000] {processor.py:161} INFO - Started process (PID=523) to work on /opt/airflow/dags/flight-pipeline.py
[2026-05-28T00:35:11.982+0000] {processor.py:830} INFO - Processing file /opt/airflow/dags/flight-pipeline.py for tasks to queue
[2026-05-28T00:35:11.985+0000] {logging_mixin.py:188} INFO - [2026-05-28T00:35:11.984+0000] {dagbag.py:545} INFO - Filling up the DagBag from /opt/airflow/dags/flight-pipeline.py
[2026-05-28T00:35:12.436+0000] {processor.py:840} INFO - DAG(s) 'flights_ops_medallion_pipe' retrieved from /opt/airflow/dags/flight-pipeline.py
[2026-05-28T00:35:12.466+0000] {logging_mixin.py:188} INFO - [2026-05-28T00:35:12.465+0000] {dag.py:3089} INFO - Sync 1 DAGs
[2026-05-28T00:35:12.636+0000] {logging_mixin.py:188} INFO - [2026-05-28T00:35:12.635+0000] {dag.py:3947} INFO - Setting next_dagrun for flights_ops_medallion_pipe to 2026-05-28 00:30:00+00:00, run_after=2026-05-28 01:00:00+00:00
[2026-05-28T00:35:12.654+0000] {processor.py:183} INFO - Processing /opt/airflow/dags/flight-pipeline.py took 0.683 seconds
[2026-05-28T00:35:42.840+0000] {processor.py:161} INFO - Started process (PID=525) to work on /opt/airflow/dags/flight-pipeline.py
[2026-05-28T00:35:42.840+0000] {processor.py:830} INFO - Processing file /opt/airflow/dags/flight-pipeline.py for tasks to queue
[2026-05-28T00:35:42.842+0000] {logging_mixin.py:188} INFO - [2026-05-28T00:35:42.842+0000] {dagbag.py:545} INFO - Filling up the DagBag from /opt/airflow/dags/flight-pipeline.py
[2026-05-28T00:35:43.181+0000] {processor.py:840} INFO - DAG(s) 'flights_ops_medallion_pipe' retrieved from /opt/airflow/dags/flight-pipeline.py
[2026-05-28T00:35:43.367+0000] {logging_mixin.py:188} INFO - [2026-05-28T00:35:43.367+0000] {dag.py:3089} INFO - Sync 1 DAGs
[2026-05-28T00:35:43.388+0000] {logging_mixin.py:188} INFO - [2026-05-28T00:35:43.388+0000] {dag.py:3947} INFO - Setting next_dagrun for flights_ops_medallion_pipe to 2026-05-28 00:30:00+00:00, run_after=2026-05-28 01:00:00+00:00
[2026-05-28T00:35:43.417+0000] {processor.py:183} INFO - Processing /opt/airflow/dags/flight-pipeline.py took 0.583 seconds
[2026-05-28T00:36:13.610+0000] {processor.py:161} INFO - Started process (PID=527) to work on /opt/airflow/dags/flight-pipeline.py
[2026-05-28T00:36:13.611+0000] {processor.py:830} INFO - Processing file /opt/airflow/dags/flight-pipeline.py for tasks to queue
[2026-05-28T00:36:13.613+0000] {logging_mixin.py:188} INFO - [2026-05-28T00:36:13.613+0000] {dagbag.py:545} INFO - Filling up the DagBag from /opt/airflow/dags/flight-pipeline.py
[2026-05-28T00:36:13.947+0000] {processor.py:840} INFO - DAG(s) 'flights_ops_medallion_pipe' retrieved from /opt/airflow/dags/flight-pipeline.py
[2026-05-28T00:36:13.977+0000] {logging_mixin.py:188} INFO - [2026-05-28T00:36:13.977+0000] {dag.py:3089} INFO - Sync 1 DAGs
[2026-05-28T00:36:14.000+0000] {logging_mixin.py:188} INFO - [2026-05-28T00:36:14.000+0000] {dag.py:3947} INFO - Setting next_dagrun for flights_ops_medallion_pipe to 2026-05-28 00:30:00+00:00, run_after=2026-05-28 01:00:00+00:00
[2026-05-28T00:36:14.020+0000] {processor.py:183} INFO - Processing /opt/airflow/dags/flight-pipeline.py took 0.417 seconds
[2026-05-28T00:36:44.190+0000] {processor.py:161} INFO - Started process (PID=529) to work on /opt/airflow/dags/flight-pipeline.py
[2026-05-28T00:36:44.191+0000] {processor.py:830} INFO - Processing file /opt/airflow/dags/flight-pipeline.py for tasks to queue
[2026-05-28T00:36:44.193+0000] {logging_mixin.py:188} INFO - [2026-05-28T00:36:44.192+0000] {dagbag.py:545} INFO - Filling up the DagBag from /opt/airflow/dags/flight-pipeline.py
[2026-05-28T00:36:44.533+0000] {processor.py:840} INFO - DAG(s) 'flights_ops_medallion_pipe' retrieved from /opt/airflow/dags/flight-pipeline.py
[2026-05-28T00:36:44.559+0000] {logging_mixin.py:188} INFO - [2026-05-28T00:36:44.559+0000] {dag.py:3089} INFO - Sync 1 DAGs
[2026-05-28T00:36:44.580+0000] {logging_mixin.py:188} INFO - [2026-05-28T00:36:44.580+0000] {dag.py:3947} INFO - Setting next_dagrun for flights_ops_medallion_pipe to 2026-05-28 00:30:00+00:00, run_after=2026-05-28 01:00:00+00:00
[2026-05-28T00:36:44.601+0000] {processor.py:183} INFO - Processing /opt/airflow/dags/flight-pipeline.py took 0.417 seconds
[2026-05-28T00:37:14.788+0000] {processor.py:161} INFO - Started process (PID=531) to work on /opt/airflow/dags/flight-pipeline.py
[2026-05-28T00:37:14.789+0000] {processor.py:830} INFO - Processing file /opt/airflow/dags/flight-pipeline.py for tasks to queue
[2026-05-28T00:37:14.791+0000] {logging_mixin.py:188} INFO - [2026-05-28T00:37:14.791+0000] {dagbag.py:545} INFO - Filling up the DagBag from /opt/airflow/dags/flight-pipeline.py
[2026-05-28T00:37:15.125+0000] {processor.py:840} INFO - DAG(s) 'flights_ops_medallion_pipe' retrieved from /opt/airflow/dags/flight-pipeline.py
[2026-05-28T00:37:15.156+0000] {logging_mixin.py:188} INFO - [2026-05-28T00:37:15.155+0000] {dag.py:3089} INFO - Sync 1 DAGs
[2026-05-28T00:37:15.183+0000] {logging_mixin.py:188} INFO - [2026-05-28T00:37:15.183+0000] {dag.py:3947} INFO - Setting next_dagrun for flights_ops_medallion_pipe to 2026-05-28 00:30:00+00:00, run_after=2026-05-28 01:00:00+00:00
[2026-05-28T00:37:15.373+0000] {processor.py:183} INFO - Processing /opt/airflow/dags/flight-pipeline.py took 0.590 seconds
[2026-05-28T00:37:45.492+0000] {processor.py:161} INFO - Started process (PID=533) to work on /opt/airflow/dags/flight-pipeline.py
[2026-05-28T00:37:45.493+0000] {processor.py:830} INFO - Processing file /opt/airflow/dags/flight-pipeline.py for tasks to queue
[2026-05-28T00:37:45.495+0000] {logging_mixin.py:188} INFO - [2026-05-28T00:37:45.495+0000] {dagbag.py:545} INFO - Filling up the DagBag from /opt/airflow/dags/flight-pipeline.py
[2026-05-28T00:37:45.896+0000] {processor.py:840} INFO - DAG(s) 'flights_ops_medallion_pipe' retrieved from /opt/airflow/dags/flight-pipeline.py
[2026-05-28T00:37:45.925+0000] {logging_mixin.py:188} INFO - [2026-05-28T00:37:45.924+0000] {dag.py:3089} INFO - Sync 1 DAGs
[2026-05-28T00:37:46.107+0000] {logging_mixin.py:188} INFO - [2026-05-28T00:37:46.107+0000] {dag.py:3947} INFO - Setting next_dagrun for flights_ops_medallion_pipe to 2026-05-28 00:30:00+00:00, run_after=2026-05-28 01:00:00+00:00
[2026-05-28T00:37:46.128+0000] {processor.py:183} INFO - Processing /opt/airflow/dags/flight-pipeline.py took 0.642 seconds
[2026-05-28T00:38:16.318+0000] {processor.py:161} INFO - Started process (PID=535) to work on /opt/airflow/dags/flight-pipeline.py
[2026-05-28T00:38:16.319+0000] {processor.py:830} INFO - Processing file /opt/airflow/dags/flight-pipeline.py for tasks to queue
[2026-05-28T00:38:16.321+0000] {logging_mixin.py:188} INFO - [2026-05-28T00:38:16.321+0000] {dagbag.py:545} INFO - Filling up the DagBag from /opt/airflow/dags/flight-pipeline.py
[2026-05-28T00:38:16.766+0000] {processor.py:840} INFO - DAG(s) 'flights_ops_medallion_pipe' retrieved from /opt/airflow/dags/flight-pipeline.py
[2026-05-28T00:38:16.802+0000] {logging_mixin.py:188} INFO - [2026-05-28T00:38:16.801+0000] {dag.py:3089} INFO - Sync 1 DAGs
[2026-05-28T00:38:16.988+0000] {logging_mixin.py:188} INFO - [2026-05-28T00:38:16.988+0000] {dag.py:3947} INFO - Setting next_dagrun for flights_ops_medallion_pipe to 2026-05-28 00:30:00+00:00, run_after=2026-05-28 01:00:00+00:00
[2026-05-28T00:38:17.019+0000] {processor.py:183} INFO - Processing /opt/airflow/dags/flight-pipeline.py took 0.706 seconds
[2026-05-28T00:38:47.195+0000] {processor.py:161} INFO - Started process (PID=537) to work on /opt/airflow/dags/flight-pipeline.py
[2026-05-28T00:38:47.196+0000] {processor.py:830} INFO - Processing file /opt/airflow/dags/flight-pipeline.py for tasks to queue
[2026-05-28T00:38:47.200+0000] {logging_mixin.py:188} INFO - [2026-05-28T00:38:47.199+0000] {dagbag.py:545} INFO - Filling up the DagBag from /opt/airflow/dags/flight-pipeline.py
[2026-05-28T00:38:47.536+0000] {processor.py:840} INFO - DAG(s) 'flights_ops_medallion_pipe' retrieved from /opt/airflow/dags/flight-pipeline.py
[2026-05-28T00:38:47.701+0000] {logging_mixin.py:188} INFO - [2026-05-28T00:38:47.700+0000] {dag.py:3089} INFO - Sync 1 DAGs
[2026-05-28T00:38:47.719+0000] {logging_mixin.py:188} INFO - [2026-05-28T00:38:47.719+0000] {dag.py:3947} INFO - Setting next_dagrun for flights_ops_medallion_pipe to 2026-05-28 00:30:00+00:00, run_after=2026-05-28 01:00:00+00:00
[2026-05-28T00:38:47.736+0000] {processor.py:183} INFO - Processing /opt/airflow/dags/flight-pipeline.py took 0.549 seconds
[2026-05-28T00:39:17.922+0000] {processor.py:161} INFO - Started process (PID=539) to work on /opt/airflow/dags/flight-pipeline.py
[2026-05-28T00:39:17.923+0000] {processor.py:830} INFO - Processing file /opt/airflow/dags/flight-pipeline.py for tasks to queue
[2026-05-28T00:39:17.925+0000] {logging_mixin.py:188} INFO - [2026-05-28T00:39:17.925+0000] {dagbag.py:545} INFO - Filling up the DagBag from /opt/airflow/dags/flight-pipeline.py
[2026-05-28T00:39:18.291+0000] {processor.py:840} INFO - DAG(s) 'flights_ops_medallion_pipe' retrieved from /opt/airflow/dags/flight-pipeline.py
[2026-05-28T00:39:18.320+0000] {logging_mixin.py:188} INFO - [2026-05-28T00:39:18.320+0000] {dag.py:3089} INFO - Sync 1 DAGs
[2026-05-28T00:39:18.345+0000] {logging_mixin.py:188} INFO - [2026-05-28T00:39:18.344+0000] {dag.py:3947} INFO - Setting next_dagrun for flights_ops_medallion_pipe to 2026-05-28 00:30:00+00:00, run_after=2026-05-28 01:00:00+00:00
[2026-05-28T00:39:18.370+0000] {processor.py:183} INFO - Processing /opt/airflow/dags/flight-pipeline.py took 0.454 seconds
[2026-05-28T00:39:48.486+0000] {processor.py:161} INFO - Started process (PID=541) to work on /opt/airflow/dags/flight-pipeline.py
[2026-05-28T00:39:48.487+0000] {processor.py:830} INFO - Processing file /opt/airflow/dags/flight-pipeline.py for tasks to queue
[2026-05-28T00:39:48.489+0000] {logging_mixin.py:188} INFO - [2026-05-28T00:39:48.489+0000] {dagbag.py:545} INFO - Filling up the DagBag from /opt/airflow/dags/flight-pipeline.py
[2026-05-28T00:39:48.877+0000] {processor.py:840} INFO - DAG(s) 'flights_ops_medallion_pipe' retrieved from /opt/airflow/dags/flight-pipeline.py
[2026-05-28T00:39:48.903+0000] {logging_mixin.py:188} INFO - [2026-05-28T00:39:48.902+0000] {dag.py:3089} INFO - Sync 1 DAGs
[2026-05-28T00:39:48.923+0000] {logging_mixin.py:188} INFO - [2026-05-28T00:39:48.923+0000] {dag.py:3947} INFO - Setting next_dagrun for flights_ops_medallion_pipe to 2026-05-28 00:30:00+00:00, run_after=2026-05-28 01:00:00+00:00
[2026-05-28T00:39:48.942+0000] {processor.py:183} INFO - Processing /opt/airflow/dags/flight-pipeline.py took 0.462 seconds
[2026-05-28T00:40:19.134+0000] {processor.py:161} INFO - Started process (PID=543) to work on /opt/airflow/dags/flight-pipeline.py
[2026-05-28T00:40:19.135+0000] {processor.py:830} INFO - Processing file /opt/airflow/dags/flight-pipeline.py for tasks to queue
[2026-05-28T00:40:19.138+0000] {logging_mixin.py:188} INFO - [2026-05-28T00:40:19.137+0000] {dagbag.py:545} INFO - Filling up the DagBag from /opt/airflow/dags/flight-pipeline.py
[2026-05-28T00:40:19.532+0000] {processor.py:840} INFO - DAG(s) 'flights_ops_medallion_pipe' retrieved from /opt/airflow/dags/flight-pipeline.py
[2026-05-28T00:40:19.574+0000] {logging_mixin.py:188} INFO - [2026-05-28T00:40:19.573+0000] {dag.py:3089} INFO - Sync 1 DAGs
[2026-05-28T00:40:19.604+0000] {logging_mixin.py:188} INFO - [2026-05-28T00:40:19.603+0000] {dag.py:3947} INFO - Setting next_dagrun for flights_ops_medallion_pipe to 2026-05-28 00:30:00+00:00, run_after=2026-05-28 01:00:00+00:00
[2026-05-28T00:40:19.809+0000] {processor.py:183} INFO - Processing /opt/airflow/dags/flight-pipeline.py took 0.684 seconds
[2026-05-28T00:40:49.973+0000] {processor.py:161} INFO - Started process (PID=545) to work on /opt/airflow/dags/flight-pipeline.py
[2026-05-28T00:40:49.974+0000] {processor.py:830} INFO - Processing file /opt/airflow/dags/flight-pipeline.py for tasks to queue
[2026-05-28T00:40:49.976+0000] {logging_mixin.py:188} INFO - [2026-05-28T00:40:49.976+0000] {dagbag.py:545} INFO - Filling up the DagBag from /opt/airflow/dags/flight-pipeline.py
[2026-05-28T00:40:50.305+0000] {processor.py:840} INFO - DAG(s) 'flights_ops_medallion_pipe' retrieved from /opt/airflow/dags/flight-pipeline.py
[2026-05-28T00:40:50.332+0000] {logging_mixin.py:188} INFO - [2026-05-28T00:40:50.331+0000] {dag.py:3089} INFO - Sync 1 DAGs
[2026-05-28T00:40:50.503+0000] {logging_mixin.py:188} INFO - [2026-05-28T00:40:50.503+0000] {dag.py:3947} INFO - Setting next_dagrun for flights_ops_medallion_pipe to 2026-05-28 00:30:00+00:00, run_after=2026-05-28 01:00:00+00:00
[2026-05-28T00:40:50.530+0000] {processor.py:183} INFO - Processing /opt/airflow/dags/flight-pipeline.py took 0.562 seconds
[2026-05-28T00:41:20.729+0000] {processor.py:161} INFO - Started process (PID=547) to work on /opt/airflow/dags/flight-pipeline.py
[2026-05-28T00:41:20.731+0000] {processor.py:830} INFO - Processing file /opt/airflow/dags/flight-pipeline.py for tasks to queue
[2026-05-28T00:41:20.733+0000] {logging_mixin.py:188} INFO - [2026-05-28T00:41:20.732+0000] {dagbag.py:545} INFO - Filling up the DagBag from /opt/airflow/dags/flight-pipeline.py
[2026-05-28T00:41:21.064+0000] {processor.py:840} INFO - DAG(s) 'flights_ops_medallion_pipe' retrieved from /opt/airflow/dags/flight-pipeline.py
[2026-05-28T00:41:21.092+0000] {logging_mixin.py:188} INFO - [2026-05-28T00:41:21.091+0000] {dag.py:3089} INFO - Sync 1 DAGs
[2026-05-28T00:41:21.256+0000] {logging_mixin.py:188} INFO - [2026-05-28T00:41:21.256+0000] {dag.py:3947} INFO - Setting next_dagrun for flights_ops_medallion_pipe to 2026-05-28 00:30:00+00:00, run_after=2026-05-28 01:00:00+00:00
[2026-05-28T00:41:21.272+0000] {processor.py:183} INFO - Processing /opt/airflow/dags/flight-pipeline.py took 0.551 seconds
[2026-05-28T00:41:51.459+0000] {processor.py:161} INFO - Started process (PID=549) to work on /opt/airflow/dags/flight-pipeline.py
[2026-05-28T00:41:51.461+0000] {processor.py:830} INFO - Processing file /opt/airflow/dags/flight-pipeline.py for tasks to queue
[2026-05-28T00:41:51.465+0000] {logging_mixin.py:188} INFO - [2026-05-28T00:41:51.463+0000] {dagbag.py:545} INFO - Filling up the DagBag from /opt/airflow/dags/flight-pipeline.py
[2026-05-28T00:41:51.949+0000] {processor.py:840} INFO - DAG(s) 'flights_ops_medallion_pipe' retrieved from /opt/airflow/dags/flight-pipeline.py
[2026-05-28T00:41:52.155+0000] {logging_mixin.py:188} INFO - [2026-05-28T00:41:52.155+0000] {dag.py:3089} INFO - Sync 1 DAGs
[2026-05-28T00:41:52.176+0000] {logging_mixin.py:188} INFO - [2026-05-28T00:41:52.176+0000] {dag.py:3947} INFO - Setting next_dagrun for flights_ops_medallion_pipe to 2026-05-28 00:30:00+00:00, run_after=2026-05-28 01:00:00+00:00
[2026-05-28T00:41:52.195+0000] {processor.py:183} INFO - Processing /opt/airflow/dags/flight-pipeline.py took 0.747 seconds
[2026-05-28T00:42:22.379+0000] {processor.py:161} INFO - Started process (PID=551) to work on /opt/airflow/dags/flight-pipeline.py
[2026-05-28T00:42:22.380+0000] {processor.py:830} INFO - Processing file /opt/airflow/dags/flight-pipeline.py for tasks to queue
[2026-05-28T00:42:22.383+0000] {logging_mixin.py:188} INFO - [2026-05-28T00:42:22.383+0000] {dagbag.py:545} INFO - Filling up the DagBag from /opt/airflow/dags/flight-pipeline.py
[2026-05-28T00:42:22.716+0000] {processor.py:840} INFO - DAG(s) 'flights_ops_medallion_pipe' retrieved from /opt/airflow/dags/flight-pipeline.py
[2026-05-28T00:42:22.749+0000] {logging_mixin.py:188} INFO - [2026-05-28T00:42:22.749+0000] {dag.py:3089} INFO - Sync 1 DAGs
[2026-05-28T00:42:22.773+0000] {logging_mixin.py:188} INFO - [2026-05-28T00:42:22.773+0000] {dag.py:3947} INFO - Setting next_dagrun for flights_ops_medallion_pipe to 2026-05-28 00:30:00+00:00, run_after=2026-05-28 01:00:00+00:00
[2026-05-28T00:42:22.791+0000] {processor.py:183} INFO - Processing /opt/airflow/dags/flight-pipeline.py took 0.419 seconds
[2026-05-28T00:42:52.957+0000] {processor.py:161} INFO - Started process (PID=553) to work on /opt/airflow/dags/flight-pipeline.py
[2026-05-28T00:42:52.958+0000] {processor.py:830} INFO - Processing file /opt/airflow/dags/flight-pipeline.py for tasks to queue
[2026-05-28T00:42:52.960+0000] {logging_mixin.py:188} INFO - [2026-05-28T00:42:52.960+0000] {dagbag.py:545} INFO - Filling up the DagBag from /opt/airflow/dags/flight-pipeline.py
[2026-05-28T00:42:53.272+0000] {processor.py:840} INFO - DAG(s) 'flights_ops_medallion_pipe' retrieved from /opt/airflow/dags/flight-pipeline.py
[2026-05-28T00:42:53.298+0000] {logging_mixin.py:188} INFO - [2026-05-28T00:42:53.297+0000] {dag.py:3089} INFO - Sync 1 DAGs
[2026-05-28T00:42:53.319+0000] {logging_mixin.py:188} INFO - [2026-05-28T00:42:53.318+0000] {dag.py:3947} INFO - Setting next_dagrun for flights_ops_medallion_pipe to 2026-05-28 00:30:00+00:00, run_after=2026-05-28 01:00:00+00:00
[2026-05-28T00:42:53.508+0000] {processor.py:183} INFO - Processing /opt/airflow/dags/flight-pipeline.py took 0.556 seconds
[2026-05-28T00:43:23.701+0000] {processor.py:161} INFO - Started process (PID=555) to work on /opt/airflow/dags/flight-pipeline.py
[2026-05-28T00:43:23.702+0000] {processor.py:830} INFO - Processing file /opt/airflow/dags/flight-pipeline.py for tasks to queue
[2026-05-28T00:43:23.705+0000] {logging_mixin.py:188} INFO - [2026-05-28T00:43:23.705+0000] {dagbag.py:545} INFO - Filling up the DagBag from /opt/airflow/dags/flight-pipeline.py
[2026-05-28T00:43:24.068+0000] {processor.py:840} INFO - DAG(s) 'flights_ops_medallion_pipe' retrieved from /opt/airflow/dags/flight-pipeline.py
[2026-05-28T00:43:24.096+0000] {logging_mixin.py:188} INFO - [2026-05-28T00:43:24.095+0000] {dag.py:3089} INFO - Sync 1 DAGs
[2026-05-28T00:43:24.270+0000] {logging_mixin.py:188} INFO - [2026-05-28T00:43:24.270+0000] {dag.py:3947} INFO - Setting next_dagrun for flights_ops_medallion_pipe to 2026-05-28 00:30:00+00:00, run_after=2026-05-28 01:00:00+00:00
[2026-05-28T00:43:24.290+0000] {processor.py:183} INFO - Processing /opt/airflow/dags/flight-pipeline.py took 0.595 seconds
[2026-05-28T00:43:54.455+0000] {processor.py:161} INFO - Started process (PID=557) to work on /opt/airflow/dags/flight-pipeline.py
[2026-05-28T00:43:54.456+0000] {processor.py:830} INFO - Processing file /opt/airflow/dags/flight-pipeline.py for tasks to queue
[2026-05-28T00:43:54.458+0000] {logging_mixin.py:188} INFO - [2026-05-28T00:43:54.457+0000] {dagbag.py:545} INFO - Filling up the DagBag from /opt/airflow/dags/flight-pipeline.py
[2026-05-28T00:43:54.837+0000] {processor.py:840} INFO - DAG(s) 'flights_ops_medallion_pipe' retrieved from /opt/airflow/dags/flight-pipeline.py
[2026-05-28T00:43:54.866+0000] {logging_mixin.py:188} INFO - [2026-05-28T00:43:54.865+0000] {dag.py:3089} INFO - Sync 1 DAGs
[2026-05-28T00:43:55.055+0000] {logging_mixin.py:188} INFO - [2026-05-28T00:43:55.054+0000] {dag.py:3947} INFO - Setting next_dagrun for flights_ops_medallion_pipe to 2026-05-28 00:30:00+00:00, run_after=2026-05-28 01:00:00+00:00
[2026-05-28T00:43:55.075+0000] {processor.py:183} INFO - Processing /opt/airflow/dags/flight-pipeline.py took 0.625 seconds
[2026-05-28T00:44:25.262+0000] {processor.py:161} INFO - Started process (PID=559) to work on /opt/airflow/dags/flight-pipeline.py
[2026-05-28T00:44:25.263+0000] {processor.py:830} INFO - Processing file /opt/airflow/dags/flight-pipeline.py for tasks to queue
[2026-05-28T00:44:25.265+0000] {logging_mixin.py:188} INFO - [2026-05-28T00:44:25.264+0000] {dagbag.py:545} INFO - Filling up the DagBag from /opt/airflow/dags/flight-pipeline.py
[2026-05-28T00:44:25.589+0000] {processor.py:840} INFO - DAG(s) 'flights_ops_medallion_pipe' retrieved from /opt/airflow/dags/flight-pipeline.py
[2026-05-28T00:44:25.761+0000] {logging_mixin.py:188} INFO - [2026-05-28T00:44:25.761+0000] {dag.py:3089} INFO - Sync 1 DAGs
[2026-05-28T00:44:25.781+0000] {logging_mixin.py:188} INFO - [2026-05-28T00:44:25.781+0000] {dag.py:3947} INFO - Setting next_dagrun for flights_ops_medallion_pipe to 2026-05-28 00:30:00+00:00, run_after=2026-05-28 01:00:00+00:00
[2026-05-28T00:44:25.806+0000] {processor.py:183} INFO - Processing /opt/airflow/dags/flight-pipeline.py took 0.550 seconds
[2026-05-28T00:44:55.984+0000] {processor.py:161} INFO - Started process (PID=561) to work on /opt/airflow/dags/flight-pipeline.py
[2026-05-28T00:44:55.986+0000] {processor.py:830} INFO - Processing file /opt/airflow/dags/flight-pipeline.py for tasks to queue
[2026-05-28T00:44:55.988+0000] {logging_mixin.py:188} INFO - [2026-05-28T00:44:55.987+0000] {dagbag.py:545} INFO - Filling up the DagBag from /opt/airflow/dags/flight-pipeline.py
[2026-05-28T00:44:56.458+0000] {processor.py:840} INFO - DAG(s) 'flights_ops_medallion_pipe' retrieved from /opt/airflow/dags/flight-pipeline.py
[2026-05-28T00:44:56.649+0000] {logging_mixin.py:188} INFO - [2026-05-28T00:44:56.648+0000] {dag.py:3089} INFO - Sync 1 DAGs
[2026-05-28T00:44:56.671+0000] {logging_mixin.py:188} INFO - [2026-05-28T00:44:56.671+0000] {dag.py:3947} INFO - Setting next_dagrun for flights_ops_medallion_pipe to 2026-05-28 00:30:00+00:00, run_after=2026-05-28 01:00:00+00:00
[2026-05-28T00:44:56.693+0000] {processor.py:183} INFO - Processing /opt/airflow/dags/flight-pipeline.py took 0.716 seconds
[2026-05-28T00:45:26.884+0000] {processor.py:161} INFO - Started process (PID=563) to work on /opt/airflow/dags/flight-pipeline.py
[2026-05-28T00:45:26.885+0000] {processor.py:830} INFO - Processing file /opt/airflow/dags/flight-pipeline.py for tasks to queue
[2026-05-28T00:45:26.888+0000] {logging_mixin.py:188} INFO - [2026-05-28T00:45:26.887+0000] {dagbag.py:545} INFO - Filling up the DagBag from /opt/airflow/dags/flight-pipeline.py
[2026-05-28T00:45:27.257+0000] {processor.py:840} INFO - DAG(s) 'flights_ops_medallion_pipe' retrieved from /opt/airflow/dags/flight-pipeline.py
[2026-05-28T00:45:27.286+0000] {logging_mixin.py:188} INFO - [2026-05-28T00:45:27.286+0000] {dag.py:3089} INFO - Sync 1 DAGs
[2026-05-28T00:45:27.310+0000] {logging_mixin.py:188} INFO - [2026-05-28T00:45:27.310+0000] {dag.py:3947} INFO - Setting next_dagrun for flights_ops_medallion_pipe to 2026-05-28 00:30:00+00:00, run_after=2026-05-28 01:00:00+00:00
[2026-05-28T00:45:27.331+0000] {processor.py:183} INFO - Processing /opt/airflow/dags/flight-pipeline.py took 0.454 seconds
[2026-05-28T00:45:57.496+0000] {processor.py:161} INFO - Started process (PID=565) to work on /opt/airflow/dags/flight-pipeline.py
[2026-05-28T00:45:57.497+0000] {processor.py:830} INFO - Processing file /opt/airflow/dags/flight-pipeline.py for tasks to queue
[2026-05-28T00:45:57.498+0000] {logging_mixin.py:188} INFO - [2026-05-28T00:45:57.498+0000] {dagbag.py:545} INFO - Filling up the DagBag from /opt/airflow/dags/flight-pipeline.py
[2026-05-28T00:45:57.809+0000] {processor.py:840} INFO - DAG(s) 'flights_ops_medallion_pipe' retrieved from /opt/airflow/dags/flight-pipeline.py
[2026-05-28T00:45:57.836+0000] {logging_mixin.py:188} INFO - [2026-05-28T00:45:57.835+0000] {dag.py:3089} INFO - Sync 1 DAGs
[2026-05-28T00:45:57.857+0000] {logging_mixin.py:188} INFO - [2026-05-28T00:45:57.856+0000] {dag.py:3947} INFO - Setting next_dagrun for flights_ops_medallion_pipe to 2026-05-28 00:30:00+00:00, run_after=2026-05-28 01:00:00+00:00
[2026-05-28T00:45:58.087+0000] {processor.py:183} INFO - Processing /opt/airflow/dags/flight-pipeline.py took 0.596 seconds
[2026-05-28T00:46:28.269+0000] {processor.py:161} INFO - Started process (PID=567) to work on /opt/airflow/dags/flight-pipeline.py
[2026-05-28T00:46:28.270+0000] {processor.py:830} INFO - Processing file /opt/airflow/dags/flight-pipeline.py for tasks to queue
[2026-05-28T00:46:28.272+0000] {logging_mixin.py:188} INFO - [2026-05-28T00:46:28.272+0000] {dagbag.py:545} INFO - Filling up the DagBag from /opt/airflow/dags/flight-pipeline.py
[2026-05-28T00:46:28.619+0000] {processor.py:840} INFO - DAG(s) 'flights_ops_medallion_pipe' retrieved from /opt/airflow/dags/flight-pipeline.py
[2026-05-28T00:46:28.649+0000] {logging_mixin.py:188} INFO - [2026-05-28T00:46:28.648+0000] {dag.py:3089} INFO - Sync 1 DAGs
[2026-05-28T00:46:28.960+0000] {logging_mixin.py:188} INFO - [2026-05-28T00:46:28.959+0000] {dag.py:3947} INFO - Setting next_dagrun for flights_ops_medallion_pipe to 2026-05-28 00:30:00+00:00, run_after=2026-05-28 01:00:00+00:00
[2026-05-28T00:46:28.995+0000] {processor.py:183} INFO - Processing /opt/airflow/dags/flight-pipeline.py took 0.732 seconds
[2026-05-28T00:46:59.178+0000] {processor.py:161} INFO - Started process (PID=569) to work on /opt/airflow/dags/flight-pipeline.py
[2026-05-28T00:46:59.179+0000] {processor.py:830} INFO - Processing file /opt/airflow/dags/flight-pipeline.py for tasks to queue
[2026-05-28T00:46:59.181+0000] {logging_mixin.py:188} INFO - [2026-05-28T00:46:59.180+0000] {dagbag.py:545} INFO - Filling up the DagBag from /opt/airflow/dags/flight-pipeline.py
[2026-05-28T00:46:59.571+0000] {processor.py:840} INFO - DAG(s) 'flights_ops_medallion_pipe' retrieved from /opt/airflow/dags/flight-pipeline.py
[2026-05-28T00:46:59.602+0000] {logging_mixin.py:188} INFO - [2026-05-28T00:46:59.601+0000] {dag.py:3089} INFO - Sync 1 DAGs
[2026-05-28T00:46:59.780+0000] {logging_mixin.py:188} INFO - [2026-05-28T00:46:59.780+0000] {dag.py:3947} INFO - Setting next_dagrun for flights_ops_medallion_pipe to 2026-05-28 00:30:00+00:00, run_after=2026-05-28 01:00:00+00:00
[2026-05-28T00:46:59.810+0000] {processor.py:183} INFO - Processing /opt/airflow/dags/flight-pipeline.py took 0.637 seconds
[2026-05-28T00:47:29.938+0000] {processor.py:161} INFO - Started process (PID=571) to work on /opt/airflow/dags/flight-pipeline.py
[2026-05-28T00:47:29.939+0000] {processor.py:830} INFO - Processing file /opt/airflow/dags/flight-pipeline.py for tasks to queue
[2026-05-28T00:47:29.941+0000] {logging_mixin.py:188} INFO - [2026-05-28T00:47:29.941+0000] {dagbag.py:545} INFO - Filling up the DagBag from /opt/airflow/dags/flight-pipeline.py
[2026-05-28T00:47:30.282+0000] {processor.py:840} INFO - DAG(s) 'flights_ops_medallion_pipe' retrieved from /opt/airflow/dags/flight-pipeline.py
[2026-05-28T00:47:30.454+0000] {logging_mixin.py:188} INFO - [2026-05-28T00:47:30.454+0000] {dag.py:3089} INFO - Sync 1 DAGs
[2026-05-28T00:47:30.475+0000] {logging_mixin.py:188} INFO - [2026-05-28T00:47:30.475+0000] {dag.py:3947} INFO - Setting next_dagrun for flights_ops_medallion_pipe to 2026-05-28 00:30:00+00:00, run_after=2026-05-28 01:00:00+00:00
[2026-05-28T00:47:30.492+0000] {processor.py:183} INFO - Processing /opt/airflow/dags/flight-pipeline.py took 0.561 seconds
[2026-05-28T00:48:00.660+0000] {processor.py:161} INFO - Started process (PID=573) to work on /opt/airflow/dags/flight-pipeline.py
[2026-05-28T00:48:00.661+0000] {processor.py:830} INFO - Processing file /opt/airflow/dags/flight-pipeline.py for tasks to queue
[2026-05-28T00:48:00.663+0000] {logging_mixin.py:188} INFO - [2026-05-28T00:48:00.662+0000] {dagbag.py:545} INFO - Filling up the DagBag from /opt/airflow/dags/flight-pipeline.py
[2026-05-28T00:48:01.101+0000] {processor.py:840} INFO - DAG(s) 'flights_ops_medallion_pipe' retrieved from /opt/airflow/dags/flight-pipeline.py
[2026-05-28T00:48:01.299+0000] {logging_mixin.py:188} INFO - [2026-05-28T00:48:01.299+0000] {dag.py:3089} INFO - Sync 1 DAGs
[2026-05-28T00:48:01.322+0000] {logging_mixin.py:188} INFO - [2026-05-28T00:48:01.322+0000] {dag.py:3947} INFO - Setting next_dagrun for flights_ops_medallion_pipe to 2026-05-28 00:30:00+00:00, run_after=2026-05-28 01:00:00+00:00
[2026-05-28T00:48:01.346+0000] {processor.py:183} INFO - Processing /opt/airflow/dags/flight-pipeline.py took 0.692 seconds
[2026-05-28T00:48:31.540+0000] {processor.py:161} INFO - Started process (PID=575) to work on /opt/airflow/dags/flight-pipeline.py
[2026-05-28T00:48:31.541+0000] {processor.py:830} INFO - Processing file /opt/airflow/dags/flight-pipeline.py for tasks to queue
[2026-05-28T00:48:31.544+0000] {logging_mixin.py:188} INFO - [2026-05-28T00:48:31.543+0000] {dagbag.py:545} INFO - Filling up the DagBag from /opt/airflow/dags/flight-pipeline.py
[2026-05-28T00:48:32.000+0000] {processor.py:840} INFO - DAG(s) 'flights_ops_medallion_pipe' retrieved from /opt/airflow/dags/flight-pipeline.py
[2026-05-28T00:48:32.032+0000] {logging_mixin.py:188} INFO - [2026-05-28T00:48:32.032+0000] {dag.py:3089} INFO - Sync 1 DAGs
[2026-05-28T00:48:32.057+0000] {logging_mixin.py:188} INFO - [2026-05-28T00:48:32.056+0000] {dag.py:3947} INFO - Setting next_dagrun for flights_ops_medallion_pipe to 2026-05-28 00:30:00+00:00, run_after=2026-05-28 01:00:00+00:00
[2026-05-28T00:48:32.087+0000] {processor.py:183} INFO - Processing /opt/airflow/dags/flight-pipeline.py took 0.553 seconds
[2026-05-28T00:49:02.264+0000] {processor.py:161} INFO - Started process (PID=577) to work on /opt/airflow/dags/flight-pipeline.py
[2026-05-28T00:49:02.265+0000] {processor.py:830} INFO - Processing file /opt/airflow/dags/flight-pipeline.py for tasks to queue
[2026-05-28T00:49:02.268+0000] {logging_mixin.py:188} INFO - [2026-05-28T00:49:02.267+0000] {dagbag.py:545} INFO - Filling up the DagBag from /opt/airflow/dags/flight-pipeline.py
[2026-05-28T00:49:02.607+0000] {processor.py:840} INFO - DAG(s) 'flights_ops_medallion_pipe' retrieved from /opt/airflow/dags/flight-pipeline.py
[2026-05-28T00:49:02.634+0000] {logging_mixin.py:188} INFO - [2026-05-28T00:49:02.633+0000] {dag.py:3089} INFO - Sync 1 DAGs
[2026-05-28T00:49:02.656+0000] {logging_mixin.py:188} INFO - [2026-05-28T00:49:02.656+0000] {dag.py:3947} INFO - Setting next_dagrun for flights_ops_medallion_pipe to 2026-05-28 00:30:00+00:00, run_after=2026-05-28 01:00:00+00:00
[2026-05-28T00:49:02.835+0000] {processor.py:183} INFO - Processing /opt/airflow/dags/flight-pipeline.py took 0.577 seconds
[2026-05-28T00:49:33.004+0000] {processor.py:161} INFO - Started process (PID=579) to work on /opt/airflow/dags/flight-pipeline.py
[2026-05-28T00:49:33.004+0000] {processor.py:830} INFO - Processing file /opt/airflow/dags/flight-pipeline.py for tasks to queue
[2026-05-28T00:49:33.006+0000] {logging_mixin.py:188} INFO - [2026-05-28T00:49:33.006+0000] {dagbag.py:545} INFO - Filling up the DagBag from /opt/airflow/dags/flight-pipeline.py
[2026-05-28T00:49:33.337+0000] {processor.py:840} INFO - DAG(s) 'flights_ops_medallion_pipe' retrieved from /opt/airflow/dags/flight-pipeline.py
[2026-05-28T00:49:33.368+0000] {logging_mixin.py:188} INFO - [2026-05-28T00:49:33.368+0000] {dag.py:3089} INFO - Sync 1 DAGs
[2026-05-28T00:49:33.571+0000] {logging_mixin.py:188} INFO - [2026-05-28T00:49:33.571+0000] {dag.py:3947} INFO - Setting next_dagrun for flights_ops_medallion_pipe to 2026-05-28 00:30:00+00:00, run_after=2026-05-28 01:00:00+00:00
[2026-05-28T00:49:33.591+0000] {processor.py:183} INFO - Processing /opt/airflow/dags/flight-pipeline.py took 0.593 seconds
[2026-05-28T00:50:03.767+0000] {processor.py:161} INFO - Started process (PID=581) to work on /opt/airflow/dags/flight-pipeline.py
[2026-05-28T00:50:03.768+0000] {processor.py:830} INFO - Processing file /opt/airflow/dags/flight-pipeline.py for tasks to queue
[2026-05-28T00:50:03.770+0000] {logging_mixin.py:188} INFO - [2026-05-28T00:50:03.770+0000] {dagbag.py:545} INFO - Filling up the DagBag from /opt/airflow/dags/flight-pipeline.py
[2026-05-28T00:50:04.106+0000] {processor.py:840} INFO - DAG(s) 'flights_ops_medallion_pipe' retrieved from /opt/airflow/dags/flight-pipeline.py
[2026-05-28T00:50:04.131+0000] {logging_mixin.py:188} INFO - [2026-05-28T00:50:04.131+0000] {dag.py:3089} INFO - Sync 1 DAGs
[2026-05-28T00:50:04.299+0000] {logging_mixin.py:188} INFO - [2026-05-28T00:50:04.299+0000] {dag.py:3947} INFO - Setting next_dagrun for flights_ops_medallion_pipe to 2026-05-28 00:30:00+00:00, run_after=2026-05-28 01:00:00+00:00
[2026-05-28T00:50:04.317+0000] {processor.py:183} INFO - Processing /opt/airflow/dags/flight-pipeline.py took 0.555 seconds
[2026-05-28T00:50:34.484+0000] {processor.py:161} INFO - Started process (PID=583) to work on /opt/airflow/dags/flight-pipeline.py
[2026-05-28T00:50:34.485+0000] {processor.py:830} INFO - Processing file /opt/airflow/dags/flight-pipeline.py for tasks to queue
[2026-05-28T00:50:34.487+0000] {logging_mixin.py:188} INFO - [2026-05-28T00:50:34.486+0000] {dagbag.py:545} INFO - Filling up the DagBag from /opt/airflow/dags/flight-pipeline.py
[2026-05-28T00:50:34.838+0000] {processor.py:840} INFO - DAG(s) 'flights_ops_medallion_pipe' retrieved from /opt/airflow/dags/flight-pipeline.py
[2026-05-28T00:50:35.015+0000] {logging_mixin.py:188} INFO - [2026-05-28T00:50:35.015+0000] {dag.py:3089} INFO - Sync 1 DAGs
[2026-05-28T00:50:35.034+0000] {logging_mixin.py:188} INFO - [2026-05-28T00:50:35.034+0000] {dag.py:3947} INFO - Setting next_dagrun for flights_ops_medallion_pipe to 2026-05-28 00:30:00+00:00, run_after=2026-05-28 01:00:00+00:00
[2026-05-28T00:50:35.052+0000] {processor.py:183} INFO - Processing /opt/airflow/dags/flight-pipeline.py took 0.575 seconds
[2026-05-28T00:51:05.229+0000] {processor.py:161} INFO - Started process (PID=585) to work on /opt/airflow/dags/flight-pipeline.py
[2026-05-28T00:51:05.230+0000] {processor.py:830} INFO - Processing file /opt/airflow/dags/flight-pipeline.py for tasks to queue
[2026-05-28T00:51:05.233+0000] {logging_mixin.py:188} INFO - [2026-05-28T00:51:05.232+0000] {dagbag.py:545} INFO - Filling up the DagBag from /opt/airflow/dags/flight-pipeline.py
[2026-05-28T00:51:05.546+0000] {processor.py:840} INFO - DAG(s) 'flights_ops_medallion_pipe' retrieved from /opt/airflow/dags/flight-pipeline.py
[2026-05-28T00:51:05.572+0000] {logging_mixin.py:188} INFO - [2026-05-28T00:51:05.571+0000] {dag.py:3089} INFO - Sync 1 DAGs
[2026-05-28T00:51:05.595+0000] {logging_mixin.py:188} INFO - [2026-05-28T00:51:05.595+0000] {dag.py:3947} INFO - Setting next_dagrun for flights_ops_medallion_pipe to 2026-05-28 00:30:00+00:00, run_after=2026-05-28 01:00:00+00:00
[2026-05-28T00:51:05.613+0000] {processor.py:183} INFO - Processing /opt/airflow/dags/flight-pipeline.py took 0.389 seconds
[2026-05-28T00:51:35.779+0000] {processor.py:161} INFO - Started process (PID=587) to work on /opt/airflow/dags/flight-pipeline.py
[2026-05-28T00:51:35.780+0000] {processor.py:830} INFO - Processing file /opt/airflow/dags/flight-pipeline.py for tasks to queue
[2026-05-28T00:51:35.782+0000] {logging_mixin.py:188} INFO - [2026-05-28T00:51:35.782+0000] {dagbag.py:545} INFO - Filling up the DagBag from /opt/airflow/dags/flight-pipeline.py
[2026-05-28T00:51:36.135+0000] {processor.py:840} INFO - DAG(s) 'flights_ops_medallion_pipe' retrieved from /opt/airflow/dags/flight-pipeline.py
[2026-05-28T00:51:36.174+0000] {logging_mixin.py:188} INFO - [2026-05-28T00:51:36.174+0000] {dag.py:3089} INFO - Sync 1 DAGs
[2026-05-28T00:51:36.200+0000] {logging_mixin.py:188} INFO - [2026-05-28T00:51:36.199+0000] {dag.py:3947} INFO - Setting next_dagrun for flights_ops_medallion_pipe to 2026-05-28 00:30:00+00:00, run_after=2026-05-28 01:00:00+00:00
[2026-05-28T00:51:36.226+0000] {processor.py:183} INFO - Processing /opt/airflow/dags/flight-pipeline.py took 0.453 seconds
[2026-05-28T00:52:06.402+0000] {processor.py:161} INFO - Started process (PID=589) to work on /opt/airflow/dags/flight-pipeline.py
[2026-05-28T00:52:06.404+0000] {processor.py:830} INFO - Processing file /opt/airflow/dags/flight-pipeline.py for tasks to queue
[2026-05-28T00:52:06.407+0000] {logging_mixin.py:188} INFO - [2026-05-28T00:52:06.406+0000] {dagbag.py:545} INFO - Filling up the DagBag from /opt/airflow/dags/flight-pipeline.py
[2026-05-28T00:52:06.802+0000] {processor.py:840} INFO - DAG(s) 'flights_ops_medallion_pipe' retrieved from /opt/airflow/dags/flight-pipeline.py
[2026-05-28T00:52:06.830+0000] {logging_mixin.py:188} INFO - [2026-05-28T00:52:06.830+0000] {dag.py:3089} INFO - Sync 1 DAGs
[2026-05-28T00:52:06.854+0000] {logging_mixin.py:188} INFO - [2026-05-28T00:52:06.854+0000] {dag.py:3947} INFO - Setting next_dagrun for flights_ops_medallion_pipe to 2026-05-28 00:30:00+00:00, run_after=2026-05-28 01:00:00+00:00
[2026-05-28T00:52:07.036+0000] {processor.py:183} INFO - Processing /opt/airflow/dags/flight-pipeline.py took 0.641 seconds
[2026-05-28T00:52:37.212+0000] {processor.py:161} INFO - Started process (PID=591) to work on /opt/airflow/dags/flight-pipeline.py
[2026-05-28T00:52:37.213+0000] {processor.py:830} INFO - Processing file /opt/airflow/dags/flight-pipeline.py for tasks to queue
[2026-05-28T00:52:37.216+0000] {logging_mixin.py:188} INFO - [2026-05-28T00:52:37.216+0000] {dagbag.py:545} INFO - Filling up the DagBag from /opt/airflow/dags/flight-pipeline.py
[2026-05-28T00:52:37.555+0000] {processor.py:840} INFO - DAG(s) 'flights_ops_medallion_pipe' retrieved from /opt/airflow/dags/flight-pipeline.py
[2026-05-28T00:52:37.587+0000] {logging_mixin.py:188} INFO - [2026-05-28T00:52:37.587+0000] {dag.py:3089} INFO - Sync 1 DAGs
[2026-05-28T00:52:37.773+0000] {logging_mixin.py:188} INFO - [2026-05-28T00:52:37.773+0000] {dag.py:3947} INFO - Setting next_dagrun for flights_ops_medallion_pipe to 2026-05-28 00:30:00+00:00, run_after=2026-05-28 01:00:00+00:00
[2026-05-28T00:52:37.801+0000] {processor.py:183} INFO - Processing /opt/airflow/dags/flight-pipeline.py took 0.598 seconds
[2026-05-28T00:53:07.998+0000] {processor.py:161} INFO - Started process (PID=593) to work on /opt/airflow/dags/flight-pipeline.py
[2026-05-28T00:53:08.000+0000] {processor.py:830} INFO - Processing file /opt/airflow/dags/flight-pipeline.py for tasks to queue
[2026-05-28T00:53:08.005+0000] {logging_mixin.py:188} INFO - [2026-05-28T00:53:08.004+0000] {dagbag.py:545} INFO - Filling up the DagBag from /opt/airflow/dags/flight-pipeline.py
[2026-05-28T00:53:08.395+0000] {processor.py:840} INFO - DAG(s) 'flights_ops_medallion_pipe' retrieved from /opt/airflow/dags/flight-pipeline.py
[2026-05-28T00:53:08.425+0000] {logging_mixin.py:188} INFO - [2026-05-28T00:53:08.424+0000] {dag.py:3089} INFO - Sync 1 DAGs
[2026-05-28T00:53:08.592+0000] {logging_mixin.py:188} INFO - [2026-05-28T00:53:08.592+0000] {dag.py:3947} INFO - Setting next_dagrun for flights_ops_medallion_pipe to 2026-05-28 00:30:00+00:00, run_after=2026-05-28 01:00:00+00:00
[2026-05-28T00:53:08.611+0000] {processor.py:183} INFO - Processing /opt/airflow/dags/flight-pipeline.py took 0.623 seconds
[2026-05-28T00:53:38.821+0000] {processor.py:161} INFO - Started process (PID=595) to work on /opt/airflow/dags/flight-pipeline.py
[2026-05-28T00:53:38.823+0000] {processor.py:830} INFO - Processing file /opt/airflow/dags/flight-pipeline.py for tasks to queue
[2026-05-28T00:53:38.825+0000] {logging_mixin.py:188} INFO - [2026-05-28T00:53:38.825+0000] {dagbag.py:545} INFO - Filling up the DagBag from /opt/airflow/dags/flight-pipeline.py
[2026-05-28T00:53:39.343+0000] {processor.py:840} INFO - DAG(s) 'flights_ops_medallion_pipe' retrieved from /opt/airflow/dags/flight-pipeline.py
[2026-05-28T00:53:39.604+0000] {logging_mixin.py:188} INFO - [2026-05-28T00:53:39.604+0000] {dag.py:3089} INFO - Sync 1 DAGs
[2026-05-28T00:53:39.634+0000] {logging_mixin.py:188} INFO - [2026-05-28T00:53:39.634+0000] {dag.py:3947} INFO - Setting next_dagrun for flights_ops_medallion_pipe to 2026-05-28 00:30:00+00:00, run_after=2026-05-28 01:00:00+00:00
[2026-05-28T00:53:39.658+0000] {processor.py:183} INFO - Processing /opt/airflow/dags/flight-pipeline.py took 0.849 seconds
[2026-05-28T00:54:09.856+0000] {processor.py:161} INFO - Started process (PID=597) to work on /opt/airflow/dags/flight-pipeline.py
[2026-05-28T00:54:09.857+0000] {processor.py:830} INFO - Processing file /opt/airflow/dags/flight-pipeline.py for tasks to queue
[2026-05-28T00:54:09.860+0000] {logging_mixin.py:188} INFO - [2026-05-28T00:54:09.859+0000] {dagbag.py:545} INFO - Filling up the DagBag from /opt/airflow/dags/flight-pipeline.py
[2026-05-28T00:54:10.238+0000] {processor.py:840} INFO - DAG(s) 'flights_ops_medallion_pipe' retrieved from /opt/airflow/dags/flight-pipeline.py
[2026-05-28T00:54:10.272+0000] {logging_mixin.py:188} INFO - [2026-05-28T00:54:10.271+0000] {dag.py:3089} INFO - Sync 1 DAGs
[2026-05-28T00:54:10.297+0000] {logging_mixin.py:188} INFO - [2026-05-28T00:54:10.297+0000] {dag.py:3947} INFO - Setting next_dagrun for flights_ops_medallion_pipe to 2026-05-28 00:30:00+00:00, run_after=2026-05-28 01:00:00+00:00
[2026-05-28T00:54:10.317+0000] {processor.py:183} INFO - Processing /opt/airflow/dags/flight-pipeline.py took 0.466 seconds
[2026-05-28T00:54:40.498+0000] {processor.py:161} INFO - Started process (PID=599) to work on /opt/airflow/dags/flight-pipeline.py
[2026-05-28T00:54:40.500+0000] {processor.py:830} INFO - Processing file /opt/airflow/dags/flight-pipeline.py for tasks to queue
[2026-05-28T00:54:40.502+0000] {logging_mixin.py:188} INFO - [2026-05-28T00:54:40.501+0000] {dagbag.py:545} INFO - Filling up the DagBag from /opt/airflow/dags/flight-pipeline.py
[2026-05-28T00:54:40.880+0000] {processor.py:840} INFO - DAG(s) 'flights_ops_medallion_pipe' retrieved from /opt/airflow/dags/flight-pipeline.py
[2026-05-28T00:54:40.910+0000] {logging_mixin.py:188} INFO - [2026-05-28T00:54:40.909+0000] {dag.py:3089} INFO - Sync 1 DAGs
[2026-05-28T00:54:40.932+0000] {logging_mixin.py:188} INFO - [2026-05-28T00:54:40.932+0000] {dag.py:3947} INFO - Setting next_dagrun for flights_ops_medallion_pipe to 2026-05-28 00:30:00+00:00, run_after=2026-05-28 01:00:00+00:00
[2026-05-28T00:54:40.953+0000] {processor.py:183} INFO - Processing /opt/airflow/dags/flight-pipeline.py took 0.463 seconds
[2026-05-28T00:55:11.141+0000] {processor.py:161} INFO - Started process (PID=601) to work on /opt/airflow/dags/flight-pipeline.py
[2026-05-28T00:55:11.142+0000] {processor.py:830} INFO - Processing file /opt/airflow/dags/flight-pipeline.py for tasks to queue
[2026-05-28T00:55:11.144+0000] {logging_mixin.py:188} INFO - [2026-05-28T00:55:11.144+0000] {dagbag.py:545} INFO - Filling up the DagBag from /opt/airflow/dags/flight-pipeline.py
[2026-05-28T00:55:11.491+0000] {processor.py:840} INFO - DAG(s) 'flights_ops_medallion_pipe' retrieved from /opt/airflow/dags/flight-pipeline.py
[2026-05-28T00:55:11.523+0000] {logging_mixin.py:188} INFO - [2026-05-28T00:55:11.522+0000] {dag.py:3089} INFO - Sync 1 DAGs
[2026-05-28T00:55:11.552+0000] {logging_mixin.py:188} INFO - [2026-05-28T00:55:11.552+0000] {dag.py:3947} INFO - Setting next_dagrun for flights_ops_medallion_pipe to 2026-05-28 00:30:00+00:00, run_after=2026-05-28 01:00:00+00:00
[2026-05-28T00:55:11.721+0000] {processor.py:183} INFO - Processing /opt/airflow/dags/flight-pipeline.py took 0.588 seconds
[2026-05-28T00:55:24.207+0000] {processor.py:161} INFO - Started process (PID=603) to work on /opt/airflow/dags/flight-pipeline.py
[2026-05-28T00:55:24.208+0000] {processor.py:830} INFO - Processing file /opt/airflow/dags/flight-pipeline.py for tasks to queue
[2026-05-28T00:55:24.209+0000] {logging_mixin.py:188} INFO - [2026-05-28T00:55:24.209+0000] {dagbag.py:545} INFO - Filling up the DagBag from /opt/airflow/dags/flight-pipeline.py
[2026-05-28T00:55:25.997+0000] {processor.py:840} INFO - DAG(s) 'flights_ops_medallion_pipe' retrieved from /opt/airflow/dags/flight-pipeline.py
[2026-05-28T00:55:26.105+0000] {logging_mixin.py:188} INFO - [2026-05-28T00:55:26.104+0000] {dag.py:3089} INFO - Sync 1 DAGs
[2026-05-28T00:55:26.125+0000] {logging_mixin.py:188} INFO - [2026-05-28T00:55:26.125+0000] {dag.py:3947} INFO - Setting next_dagrun for flights_ops_medallion_pipe to 2026-05-28 00:30:00+00:00, run_after=2026-05-28 01:00:00+00:00
[2026-05-28T00:55:26.148+0000] {processor.py:183} INFO - Processing /opt/airflow/dags/flight-pipeline.py took 1.946 seconds
[2026-05-28T00:55:56.338+0000] {processor.py:161} INFO - Started process (PID=621) to work on /opt/airflow/dags/flight-pipeline.py
[2026-05-28T00:55:56.339+0000] {processor.py:830} INFO - Processing file /opt/airflow/dags/flight-pipeline.py for tasks to queue
[2026-05-28T00:55:56.341+0000] {logging_mixin.py:188} INFO - [2026-05-28T00:55:56.340+0000] {dagbag.py:545} INFO - Filling up the DagBag from /opt/airflow/dags/flight-pipeline.py
[2026-05-28T00:55:57.239+0000] {processor.py:840} INFO - DAG(s) 'flights_ops_medallion_pipe' retrieved from /opt/airflow/dags/flight-pipeline.py
[2026-05-28T00:55:57.269+0000] {logging_mixin.py:188} INFO - [2026-05-28T00:55:57.269+0000] {dag.py:3089} INFO - Sync 1 DAGs
[2026-05-28T00:55:57.293+0000] {logging_mixin.py:188} INFO - [2026-05-28T00:55:57.293+0000] {dag.py:3947} INFO - Setting next_dagrun for flights_ops_medallion_pipe to 2026-05-28 00:30:00+00:00, run_after=2026-05-28 01:00:00+00:00
[2026-05-28T00:55:57.318+0000] {processor.py:183} INFO - Processing /opt/airflow/dags/flight-pipeline.py took 0.987 seconds
[2026-05-28T00:56:27.526+0000] {processor.py:161} INFO - Started process (PID=669) to work on /opt/airflow/dags/flight-pipeline.py
[2026-05-28T00:56:27.528+0000] {processor.py:830} INFO - Processing file /opt/airflow/dags/flight-pipeline.py for tasks to queue
[2026-05-28T00:56:27.530+0000] {logging_mixin.py:188} INFO - [2026-05-28T00:56:27.529+0000] {dagbag.py:545} INFO - Filling up the DagBag from /opt/airflow/dags/flight-pipeline.py
[2026-05-28T00:56:28.270+0000] {processor.py:840} INFO - DAG(s) 'flights_ops_medallion_pipe' retrieved from /opt/airflow/dags/flight-pipeline.py
[2026-05-28T00:56:28.295+0000] {logging_mixin.py:188} INFO - [2026-05-28T00:56:28.295+0000] {dag.py:3089} INFO - Sync 1 DAGs
[2026-05-28T00:56:28.316+0000] {logging_mixin.py:188} INFO - [2026-05-28T00:56:28.316+0000] {dag.py:3947} INFO - Setting next_dagrun for flights_ops_medallion_pipe to 2026-05-28 00:30:00+00:00, run_after=2026-05-28 01:00:00+00:00
[2026-05-28T00:56:28.333+0000] {processor.py:183} INFO - Processing /opt/airflow/dags/flight-pipeline.py took 0.814 seconds
[2026-05-28T00:56:58.520+0000] {processor.py:161} INFO - Started process (PID=672) to work on /opt/airflow/dags/flight-pipeline.py
[2026-05-28T00:56:58.521+0000] {processor.py:830} INFO - Processing file /opt/airflow/dags/flight-pipeline.py for tasks to queue
[2026-05-28T00:56:58.522+0000] {logging_mixin.py:188} INFO - [2026-05-28T00:56:58.522+0000] {dagbag.py:545} INFO - Filling up the DagBag from /opt/airflow/dags/flight-pipeline.py
[2026-05-28T00:56:59.296+0000] {processor.py:840} INFO - DAG(s) 'flights_ops_medallion_pipe' retrieved from /opt/airflow/dags/flight-pipeline.py
[2026-05-28T00:56:59.318+0000] {logging_mixin.py:188} INFO - [2026-05-28T00:56:59.317+0000] {dag.py:3089} INFO - Sync 1 DAGs
[2026-05-28T00:56:59.337+0000] {logging_mixin.py:188} INFO - [2026-05-28T00:56:59.337+0000] {dag.py:3947} INFO - Setting next_dagrun for flights_ops_medallion_pipe to 2026-05-28 00:30:00+00:00, run_after=2026-05-28 01:00:00+00:00
[2026-05-28T00:56:59.355+0000] {processor.py:183} INFO - Processing /opt/airflow/dags/flight-pipeline.py took 0.840 seconds
[2026-05-28T00:57:29.536+0000] {processor.py:161} INFO - Started process (PID=675) to work on /opt/airflow/dags/flight-pipeline.py
[2026-05-28T00:57:29.538+0000] {processor.py:830} INFO - Processing file /opt/airflow/dags/flight-pipeline.py for tasks to queue
[2026-05-28T00:57:29.540+0000] {logging_mixin.py:188} INFO - [2026-05-28T00:57:29.539+0000] {dagbag.py:545} INFO - Filling up the DagBag from /opt/airflow/dags/flight-pipeline.py
[2026-05-28T00:57:30.299+0000] {processor.py:840} INFO - DAG(s) 'flights_ops_medallion_pipe' retrieved from /opt/airflow/dags/flight-pipeline.py
[2026-05-28T00:57:30.323+0000] {logging_mixin.py:188} INFO - [2026-05-28T00:57:30.323+0000] {dag.py:3089} INFO - Sync 1 DAGs
[2026-05-28T00:57:30.346+0000] {logging_mixin.py:188} INFO - [2026-05-28T00:57:30.345+0000] {dag.py:3947} INFO - Setting next_dagrun for flights_ops_medallion_pipe to 2026-05-28 00:30:00+00:00, run_after=2026-05-28 01:00:00+00:00
[2026-05-28T00:57:30.373+0000] {processor.py:183} INFO - Processing /opt/airflow/dags/flight-pipeline.py took 0.843 seconds
[2026-05-28T00:58:00.569+0000] {processor.py:161} INFO - Started process (PID=678) to work on /opt/airflow/dags/flight-pipeline.py
[2026-05-28T00:58:00.570+0000] {processor.py:830} INFO - Processing file /opt/airflow/dags/flight-pipeline.py for tasks to queue
[2026-05-28T00:58:00.572+0000] {logging_mixin.py:188} INFO - [2026-05-28T00:58:00.572+0000] {dagbag.py:545} INFO - Filling up the DagBag from /opt/airflow/dags/flight-pipeline.py
[2026-05-28T00:58:01.284+0000] {processor.py:840} INFO - DAG(s) 'flights_ops_medallion_pipe' retrieved from /opt/airflow/dags/flight-pipeline.py
[2026-05-28T00:58:01.318+0000] {logging_mixin.py:188} INFO - [2026-05-28T00:58:01.318+0000] {dag.py:3089} INFO - Sync 1 DAGs
[2026-05-28T00:58:01.341+0000] {logging_mixin.py:188} INFO - [2026-05-28T00:58:01.341+0000] {dag.py:3947} INFO - Setting next_dagrun for flights_ops_medallion_pipe to 2026-05-28 00:30:00+00:00, run_after=2026-05-28 01:00:00+00:00
[2026-05-28T00:58:01.359+0000] {processor.py:183} INFO - Processing /opt/airflow/dags/flight-pipeline.py took 0.795 seconds
[2026-05-28T00:58:31.538+0000] {processor.py:161} INFO - Started process (PID=681) to work on /opt/airflow/dags/flight-pipeline.py
[2026-05-28T00:58:31.539+0000] {processor.py:830} INFO - Processing file /opt/airflow/dags/flight-pipeline.py for tasks to queue
[2026-05-28T00:58:31.541+0000] {logging_mixin.py:188} INFO - [2026-05-28T00:58:31.540+0000] {dagbag.py:545} INFO - Filling up the DagBag from /opt/airflow/dags/flight-pipeline.py
[2026-05-28T00:58:32.289+0000] {processor.py:840} INFO - DAG(s) 'flights_ops_medallion_pipe' retrieved from /opt/airflow/dags/flight-pipeline.py
[2026-05-28T00:58:32.312+0000] {logging_mixin.py:188} INFO - [2026-05-28T00:58:32.310+0000] {dag.py:3089} INFO - Sync 1 DAGs
[2026-05-28T00:58:32.332+0000] {logging_mixin.py:188} INFO - [2026-05-28T00:58:32.332+0000] {dag.py:3947} INFO - Setting next_dagrun for flights_ops_medallion_pipe to 2026-05-28 00:30:00+00:00, run_after=2026-05-28 01:00:00+00:00
[2026-05-28T00:58:32.349+0000] {processor.py:183} INFO - Processing /opt/airflow/dags/flight-pipeline.py took 0.819 seconds
[2026-05-28T00:59:02.512+0000] {processor.py:161} INFO - Started process (PID=684) to work on /opt/airflow/dags/flight-pipeline.py
[2026-05-28T00:59:02.513+0000] {processor.py:830} INFO - Processing file /opt/airflow/dags/flight-pipeline.py for tasks to queue
[2026-05-28T00:59:02.515+0000] {logging_mixin.py:188} INFO - [2026-05-28T00:59:02.514+0000] {dagbag.py:545} INFO - Filling up the DagBag from /opt/airflow/dags/flight-pipeline.py
[2026-05-28T00:59:03.164+0000] {processor.py:840} INFO - DAG(s) 'flights_ops_medallion_pipe' retrieved from /opt/airflow/dags/flight-pipeline.py
[2026-05-28T00:59:03.186+0000] {logging_mixin.py:188} INFO - [2026-05-28T00:59:03.185+0000] {dag.py:3089} INFO - Sync 1 DAGs
[2026-05-28T00:59:03.204+0000] {logging_mixin.py:188} INFO - [2026-05-28T00:59:03.204+0000] {dag.py:3947} INFO - Setting next_dagrun for flights_ops_medallion_pipe to 2026-05-28 00:30:00+00:00, run_after=2026-05-28 01:00:00+00:00
[2026-05-28T00:59:03.221+0000] {processor.py:183} INFO - Processing /opt/airflow/dags/flight-pipeline.py took 0.714 seconds
[2026-05-28T00:59:33.407+0000] {processor.py:161} INFO - Started process (PID=687) to work on /opt/airflow/dags/flight-pipeline.py
[2026-05-28T00:59:33.408+0000] {processor.py:830} INFO - Processing file /opt/airflow/dags/flight-pipeline.py for tasks to queue
[2026-05-28T00:59:33.410+0000] {logging_mixin.py:188} INFO - [2026-05-28T00:59:33.410+0000] {dagbag.py:545} INFO - Filling up the DagBag from /opt/airflow/dags/flight-pipeline.py
[2026-05-28T00:59:34.088+0000] {processor.py:840} INFO - DAG(s) 'flights_ops_medallion_pipe' retrieved from /opt/airflow/dags/flight-pipeline.py
[2026-05-28T00:59:34.112+0000] {logging_mixin.py:188} INFO - [2026-05-28T00:59:34.112+0000] {dag.py:3089} INFO - Sync 1 DAGs
[2026-05-28T00:59:34.132+0000] {logging_mixin.py:188} INFO - [2026-05-28T00:59:34.132+0000] {dag.py:3947} INFO - Setting next_dagrun for flights_ops_medallion_pipe to 2026-05-28 00:30:00+00:00, run_after=2026-05-28 01:00:00+00:00
[2026-05-28T00:59:34.150+0000] {processor.py:183} INFO - Processing /opt/airflow/dags/flight-pipeline.py took 0.748 seconds
[2026-05-28T01:00:04.332+0000] {processor.py:161} INFO - Started process (PID=705) to work on /opt/airflow/dags/flight-pipeline.py
[2026-05-28T01:00:04.333+0000] {processor.py:830} INFO - Processing file /opt/airflow/dags/flight-pipeline.py for tasks to queue
[2026-05-28T01:00:04.335+0000] {logging_mixin.py:188} INFO - [2026-05-28T01:00:04.335+0000] {dagbag.py:545} INFO - Filling up the DagBag from /opt/airflow/dags/flight-pipeline.py
[2026-05-28T01:00:05.111+0000] {processor.py:840} INFO - DAG(s) 'flights_ops_medallion_pipe' retrieved from /opt/airflow/dags/flight-pipeline.py
[2026-05-28T01:00:05.145+0000] {logging_mixin.py:188} INFO - [2026-05-28T01:00:05.144+0000] {dag.py:3089} INFO - Sync 1 DAGs
[2026-05-28T01:00:05.164+0000] {logging_mixin.py:188} INFO - [2026-05-28T01:00:05.163+0000] {dag.py:3947} INFO - Setting next_dagrun for flights_ops_medallion_pipe to 2026-05-28 01:00:00+00:00, run_after=2026-05-28 01:30:00+00:00
[2026-05-28T01:00:05.180+0000] {processor.py:183} INFO - Processing /opt/airflow/dags/flight-pipeline.py took 0.856 seconds
[2026-05-28T01:00:35.352+0000] {processor.py:161} INFO - Started process (PID=753) to work on /opt/airflow/dags/flight-pipeline.py
[2026-05-28T01:00:35.354+0000] {processor.py:830} INFO - Processing file /opt/airflow/dags/flight-pipeline.py for tasks to queue
[2026-05-28T01:00:35.356+0000] {logging_mixin.py:188} INFO - [2026-05-28T01:00:35.356+0000] {dagbag.py:545} INFO - Filling up the DagBag from /opt/airflow/dags/flight-pipeline.py
[2026-05-28T01:00:36.173+0000] {processor.py:840} INFO - DAG(s) 'flights_ops_medallion_pipe' retrieved from /opt/airflow/dags/flight-pipeline.py
[2026-05-28T01:00:36.199+0000] {logging_mixin.py:188} INFO - [2026-05-28T01:00:36.199+0000] {dag.py:3089} INFO - Sync 1 DAGs
[2026-05-28T01:00:36.222+0000] {logging_mixin.py:188} INFO - [2026-05-28T01:00:36.222+0000] {dag.py:3947} INFO - Setting next_dagrun for flights_ops_medallion_pipe to 2026-05-28 01:00:00+00:00, run_after=2026-05-28 01:30:00+00:00
[2026-05-28T01:00:36.242+0000] {processor.py:183} INFO - Processing /opt/airflow/dags/flight-pipeline.py took 0.898 seconds
[2026-05-28T01:01:06.422+0000] {processor.py:161} INFO - Started process (PID=756) to work on /opt/airflow/dags/flight-pipeline.py
[2026-05-28T01:01:06.423+0000] {processor.py:830} INFO - Processing file /opt/airflow/dags/flight-pipeline.py for tasks to queue
[2026-05-28T01:01:06.426+0000] {logging_mixin.py:188} INFO - [2026-05-28T01:01:06.425+0000] {dagbag.py:545} INFO - Filling up the DagBag from /opt/airflow/dags/flight-pipeline.py
[2026-05-28T01:01:07.252+0000] {processor.py:840} INFO - DAG(s) 'flights_ops_medallion_pipe' retrieved from /opt/airflow/dags/flight-pipeline.py
[2026-05-28T01:01:07.276+0000] {logging_mixin.py:188} INFO - [2026-05-28T01:01:07.276+0000] {dag.py:3089} INFO - Sync 1 DAGs
[2026-05-28T01:01:07.302+0000] {logging_mixin.py:188} INFO - [2026-05-28T01:01:07.302+0000] {dag.py:3947} INFO - Setting next_dagrun for flights_ops_medallion_pipe to 2026-05-28 01:00:00+00:00, run_after=2026-05-28 01:30:00+00:00
[2026-05-28T01:01:07.321+0000] {processor.py:183} INFO - Processing /opt/airflow/dags/flight-pipeline.py took 0.905 seconds
[2026-05-28T01:01:37.491+0000] {processor.py:161} INFO - Started process (PID=759) to work on /opt/airflow/dags/flight-pipeline.py
[2026-05-28T01:01:37.492+0000] {processor.py:830} INFO - Processing file /opt/airflow/dags/flight-pipeline.py for tasks to queue
[2026-05-28T01:01:37.494+0000] {logging_mixin.py:188} INFO - [2026-05-28T01:01:37.494+0000] {dagbag.py:545} INFO - Filling up the DagBag from /opt/airflow/dags/flight-pipeline.py
[2026-05-28T01:01:38.225+0000] {processor.py:840} INFO - DAG(s) 'flights_ops_medallion_pipe' retrieved from /opt/airflow/dags/flight-pipeline.py
[2026-05-28T01:01:38.251+0000] {logging_mixin.py:188} INFO - [2026-05-28T01:01:38.250+0000] {dag.py:3089} INFO - Sync 1 DAGs
[2026-05-28T01:01:38.271+0000] {logging_mixin.py:188} INFO - [2026-05-28T01:01:38.270+0000] {dag.py:3947} INFO - Setting next_dagrun for flights_ops_medallion_pipe to 2026-05-28 01:00:00+00:00, run_after=2026-05-28 01:30:00+00:00
[2026-05-28T01:01:38.288+0000] {processor.py:183} INFO - Processing /opt/airflow/dags/flight-pipeline.py took 0.802 seconds
[2026-05-28T01:02:08.365+0000] {processor.py:161} INFO - Started process (PID=762) to work on /opt/airflow/dags/flight-pipeline.py
[2026-05-28T01:02:08.366+0000] {processor.py:830} INFO - Processing file /opt/airflow/dags/flight-pipeline.py for tasks to queue
[2026-05-28T01:02:08.368+0000] {logging_mixin.py:188} INFO - [2026-05-28T01:02:08.368+0000] {dagbag.py:545} INFO - Filling up the DagBag from /opt/airflow/dags/flight-pipeline.py
[2026-05-28T01:02:09.098+0000] {processor.py:840} INFO - DAG(s) 'flights_ops_medallion_pipe' retrieved from /opt/airflow/dags/flight-pipeline.py
[2026-05-28T01:02:09.122+0000] {logging_mixin.py:188} INFO - [2026-05-28T01:02:09.121+0000] {dag.py:3089} INFO - Sync 1 DAGs
[2026-05-28T01:02:09.142+0000] {logging_mixin.py:188} INFO - [2026-05-28T01:02:09.142+0000] {dag.py:3947} INFO - Setting next_dagrun for flights_ops_medallion_pipe to 2026-05-28 01:00:00+00:00, run_after=2026-05-28 01:30:00+00:00
[2026-05-28T01:02:09.160+0000] {processor.py:183} INFO - Processing /opt/airflow/dags/flight-pipeline.py took 0.800 seconds
[2026-05-28T01:02:39.346+0000] {processor.py:161} INFO - Started process (PID=765) to work on /opt/airflow/dags/flight-pipeline.py
[2026-05-28T01:02:39.348+0000] {processor.py:830} INFO - Processing file /opt/airflow/dags/flight-pipeline.py for tasks to queue
[2026-05-28T01:02:39.351+0000] {logging_mixin.py:188} INFO - [2026-05-28T01:02:39.350+0000] {dagbag.py:545} INFO - Filling up the DagBag from /opt/airflow/dags/flight-pipeline.py
[2026-05-28T01:02:40.129+0000] {processor.py:840} INFO - DAG(s) 'flights_ops_medallion_pipe' retrieved from /opt/airflow/dags/flight-pipeline.py
[2026-05-28T01:02:40.153+0000] {logging_mixin.py:188} INFO - [2026-05-28T01:02:40.152+0000] {dag.py:3089} INFO - Sync 1 DAGs
[2026-05-28T01:02:40.172+0000] {logging_mixin.py:188} INFO - [2026-05-28T01:02:40.171+0000] {dag.py:3947} INFO - Setting next_dagrun for flights_ops_medallion_pipe to 2026-05-28 01:00:00+00:00, run_after=2026-05-28 01:30:00+00:00
[2026-05-28T01:02:40.188+0000] {processor.py:183} INFO - Processing /opt/airflow/dags/flight-pipeline.py took 0.848 seconds
[2026-05-28T01:03:10.370+0000] {processor.py:161} INFO - Started process (PID=768) to work on /opt/airflow/dags/flight-pipeline.py
[2026-05-28T01:03:10.371+0000] {processor.py:830} INFO - Processing file /opt/airflow/dags/flight-pipeline.py for tasks to queue
[2026-05-28T01:03:10.373+0000] {logging_mixin.py:188} INFO - [2026-05-28T01:03:10.373+0000] {dagbag.py:545} INFO - Filling up the DagBag from /opt/airflow/dags/flight-pipeline.py
[2026-05-28T01:03:11.115+0000] {processor.py:840} INFO - DAG(s) 'flights_ops_medallion_pipe' retrieved from /opt/airflow/dags/flight-pipeline.py
[2026-05-28T01:03:11.142+0000] {logging_mixin.py:188} INFO - [2026-05-28T01:03:11.141+0000] {dag.py:3089} INFO - Sync 1 DAGs
[2026-05-28T01:03:11.164+0000] {logging_mixin.py:188} INFO - [2026-05-28T01:03:11.164+0000] {dag.py:3947} INFO - Setting next_dagrun for flights_ops_medallion_pipe to 2026-05-28 01:00:00+00:00, run_after=2026-05-28 01:30:00+00:00
[2026-05-28T01:03:11.184+0000] {processor.py:183} INFO - Processing /opt/airflow/dags/flight-pipeline.py took 0.820 seconds
[2026-05-28T01:03:41.392+0000] {processor.py:161} INFO - Started process (PID=771) to work on /opt/airflow/dags/flight-pipeline.py
[2026-05-28T01:03:41.394+0000] {processor.py:830} INFO - Processing file /opt/airflow/dags/flight-pipeline.py for tasks to queue
[2026-05-28T01:03:41.396+0000] {logging_mixin.py:188} INFO - [2026-05-28T01:03:41.395+0000] {dagbag.py:545} INFO - Filling up the DagBag from /opt/airflow/dags/flight-pipeline.py
[2026-05-28T01:03:42.159+0000] {processor.py:840} INFO - DAG(s) 'flights_ops_medallion_pipe' retrieved from /opt/airflow/dags/flight-pipeline.py
[2026-05-28T01:03:42.185+0000] {logging_mixin.py:188} INFO - [2026-05-28T01:03:42.184+0000] {dag.py:3089} INFO - Sync 1 DAGs
[2026-05-28T01:03:42.212+0000] {logging_mixin.py:188} INFO - [2026-05-28T01:03:42.212+0000] {dag.py:3947} INFO - Setting next_dagrun for flights_ops_medallion_pipe to 2026-05-28 01:00:00+00:00, run_after=2026-05-28 01:30:00+00:00
[2026-05-28T01:03:42.233+0000] {processor.py:183} INFO - Processing /opt/airflow/dags/flight-pipeline.py took 0.846 seconds
[2026-05-28T01:04:12.410+0000] {processor.py:161} INFO - Started process (PID=774) to work on /opt/airflow/dags/flight-pipeline.py
[2026-05-28T01:04:12.411+0000] {processor.py:830} INFO - Processing file /opt/airflow/dags/flight-pipeline.py for tasks to queue
[2026-05-28T01:04:12.413+0000] {logging_mixin.py:188} INFO - [2026-05-28T01:04:12.412+0000] {dagbag.py:545} INFO - Filling up the DagBag from /opt/airflow/dags/flight-pipeline.py
[2026-05-28T01:04:13.166+0000] {processor.py:840} INFO - DAG(s) 'flights_ops_medallion_pipe' retrieved from /opt/airflow/dags/flight-pipeline.py
[2026-05-28T01:04:13.188+0000] {logging_mixin.py:188} INFO - [2026-05-28T01:04:13.188+0000] {dag.py:3089} INFO - Sync 1 DAGs
[2026-05-28T01:04:13.209+0000] {logging_mixin.py:188} INFO - [2026-05-28T01:04:13.209+0000] {dag.py:3947} INFO - Setting next_dagrun for flights_ops_medallion_pipe to 2026-05-28 01:00:00+00:00, run_after=2026-05-28 01:30:00+00:00
[2026-05-28T01:04:13.226+0000] {processor.py:183} INFO - Processing /opt/airflow/dags/flight-pipeline.py took 0.821 seconds
[2026-05-28T01:04:43.410+0000] {processor.py:161} INFO - Started process (PID=777) to work on /opt/airflow/dags/flight-pipeline.py
[2026-05-28T01:04:43.411+0000] {processor.py:830} INFO - Processing file /opt/airflow/dags/flight-pipeline.py for tasks to queue
[2026-05-28T01:04:43.413+0000] {logging_mixin.py:188} INFO - [2026-05-28T01:04:43.413+0000] {dagbag.py:545} INFO - Filling up the DagBag from /opt/airflow/dags/flight-pipeline.py
[2026-05-28T01:04:44.209+0000] {processor.py:840} INFO - DAG(s) 'flights_ops_medallion_pipe' retrieved from /opt/airflow/dags/flight-pipeline.py
[2026-05-28T01:04:44.238+0000] {logging_mixin.py:188} INFO - [2026-05-28T01:04:44.238+0000] {dag.py:3089} INFO - Sync 1 DAGs
[2026-05-28T01:04:44.261+0000] {logging_mixin.py:188} INFO - [2026-05-28T01:04:44.261+0000] {dag.py:3947} INFO - Setting next_dagrun for flights_ops_medallion_pipe to 2026-05-28 01:00:00+00:00, run_after=2026-05-28 01:30:00+00:00
[2026-05-28T01:04:44.282+0000] {processor.py:183} INFO - Processing /opt/airflow/dags/flight-pipeline.py took 0.878 seconds
[2026-05-28T01:05:14.467+0000] {processor.py:161} INFO - Started process (PID=793) to work on /opt/airflow/dags/flight-pipeline.py
[2026-05-28T01:05:14.469+0000] {processor.py:830} INFO - Processing file /opt/airflow/dags/flight-pipeline.py for tasks to queue
[2026-05-28T01:05:14.472+0000] {logging_mixin.py:188} INFO - [2026-05-28T01:05:14.471+0000] {dagbag.py:545} INFO - Filling up the DagBag from /opt/airflow/dags/flight-pipeline.py
[2026-05-28T01:05:15.366+0000] {processor.py:840} INFO - DAG(s) 'flights_ops_medallion_pipe' retrieved from /opt/airflow/dags/flight-pipeline.py
[2026-05-28T01:05:15.396+0000] {logging_mixin.py:188} INFO - [2026-05-28T01:05:15.396+0000] {dag.py:3089} INFO - Sync 1 DAGs
[2026-05-28T01:05:15.449+0000] {logging_mixin.py:188} INFO - [2026-05-28T01:05:15.447+0000] {dag.py:3947} INFO - Setting next_dagrun for flights_ops_medallion_pipe to 2026-05-28 01:00:00+00:00, run_after=2026-05-28 01:30:00+00:00
[2026-05-28T01:05:15.476+0000] {processor.py:183} INFO - Processing /opt/airflow/dags/flight-pipeline.py took 1.017 seconds
[2026-05-28T01:05:39.604+0000] {processor.py:161} INFO - Started process (PID=843) to work on /opt/airflow/dags/flight-pipeline.py
[2026-05-28T01:05:39.605+0000] {processor.py:830} INFO - Processing file /opt/airflow/dags/flight-pipeline.py for tasks to queue
[2026-05-28T01:05:39.607+0000] {logging_mixin.py:188} INFO - [2026-05-28T01:05:39.607+0000] {dagbag.py:545} INFO - Filling up the DagBag from /opt/airflow/dags/flight-pipeline.py
[2026-05-28T01:05:40.893+0000] {processor.py:840} INFO - DAG(s) 'flights_ops_medallion_pipe' retrieved from /opt/airflow/dags/flight-pipeline.py
[2026-05-28T01:05:41.014+0000] {logging_mixin.py:188} INFO - [2026-05-28T01:05:41.013+0000] {dag.py:3089} INFO - Sync 1 DAGs
[2026-05-28T01:05:41.034+0000] {logging_mixin.py:188} INFO - [2026-05-28T01:05:41.034+0000] {dag.py:3947} INFO - Setting next_dagrun for flights_ops_medallion_pipe to 2026-05-28 01:00:00+00:00, run_after=2026-05-28 01:30:00+00:00
[2026-05-28T01:05:41.062+0000] {processor.py:183} INFO - Processing /opt/airflow/dags/flight-pipeline.py took 1.464 seconds
[2026-05-28T01:06:11.281+0000] {processor.py:161} INFO - Started process (PID=904) to work on /opt/airflow/dags/flight-pipeline.py
[2026-05-28T01:06:11.283+0000] {processor.py:830} INFO - Processing file /opt/airflow/dags/flight-pipeline.py for tasks to queue
[2026-05-28T01:06:11.286+0000] {logging_mixin.py:188} INFO - [2026-05-28T01:06:11.286+0000] {dagbag.py:545} INFO - Filling up the DagBag from /opt/airflow/dags/flight-pipeline.py
[2026-05-28T01:06:12.218+0000] {processor.py:840} INFO - DAG(s) 'flights_ops_medallion_pipe' retrieved from /opt/airflow/dags/flight-pipeline.py
[2026-05-28T01:06:12.257+0000] {logging_mixin.py:188} INFO - [2026-05-28T01:06:12.256+0000] {dag.py:3089} INFO - Sync 1 DAGs
[2026-05-28T01:06:12.295+0000] {logging_mixin.py:188} INFO - [2026-05-28T01:06:12.294+0000] {dag.py:3947} INFO - Setting next_dagrun for flights_ops_medallion_pipe to 2026-05-28 01:00:00+00:00, run_after=2026-05-28 01:30:00+00:00
[2026-05-28T01:06:12.337+0000] {processor.py:183} INFO - Processing /opt/airflow/dags/flight-pipeline.py took 1.069 seconds
[2026-05-28T01:06:42.407+0000] {processor.py:161} INFO - Started process (PID=909) to work on /opt/airflow/dags/flight-pipeline.py
[2026-05-28T01:06:42.408+0000] {processor.py:830} INFO - Processing file /opt/airflow/dags/flight-pipeline.py for tasks to queue
[2026-05-28T01:06:42.409+0000] {logging_mixin.py:188} INFO - [2026-05-28T01:06:42.409+0000] {dagbag.py:545} INFO - Filling up the DagBag from /opt/airflow/dags/flight-pipeline.py
[2026-05-28T01:06:43.137+0000] {processor.py:840} INFO - DAG(s) 'flights_ops_medallion_pipe' retrieved from /opt/airflow/dags/flight-pipeline.py
[2026-05-28T01:06:43.161+0000] {logging_mixin.py:188} INFO - [2026-05-28T01:06:43.161+0000] {dag.py:3089} INFO - Sync 1 DAGs
[2026-05-28T01:06:43.182+0000] {logging_mixin.py:188} INFO - [2026-05-28T01:06:43.182+0000] {dag.py:3947} INFO - Setting next_dagrun for flights_ops_medallion_pipe to 2026-05-28 01:00:00+00:00, run_after=2026-05-28 01:30:00+00:00
[2026-05-28T01:06:43.209+0000] {processor.py:183} INFO - Processing /opt/airflow/dags/flight-pipeline.py took 0.807 seconds
[2026-05-28T01:07:13.393+0000] {processor.py:161} INFO - Started process (PID=912) to work on /opt/airflow/dags/flight-pipeline.py
[2026-05-28T01:07:13.394+0000] {processor.py:830} INFO - Processing file /opt/airflow/dags/flight-pipeline.py for tasks to queue
[2026-05-28T01:07:13.396+0000] {logging_mixin.py:188} INFO - [2026-05-28T01:07:13.396+0000] {dagbag.py:545} INFO - Filling up the DagBag from /opt/airflow/dags/flight-pipeline.py
[2026-05-28T01:07:14.130+0000] {processor.py:840} INFO - DAG(s) 'flights_ops_medallion_pipe' retrieved from /opt/airflow/dags/flight-pipeline.py
[2026-05-28T01:07:14.154+0000] {logging_mixin.py:188} INFO - [2026-05-28T01:07:14.154+0000] {dag.py:3089} INFO - Sync 1 DAGs
[2026-05-28T01:07:14.176+0000] {logging_mixin.py:188} INFO - [2026-05-28T01:07:14.175+0000] {dag.py:3947} INFO - Setting next_dagrun for flights_ops_medallion_pipe to 2026-05-28 01:00:00+00:00, run_after=2026-05-28 01:30:00+00:00
[2026-05-28T01:07:14.199+0000] {processor.py:183} INFO - Processing /opt/airflow/dags/flight-pipeline.py took 0.811 seconds
[2026-05-28T01:07:44.385+0000] {processor.py:161} INFO - Started process (PID=915) to work on /opt/airflow/dags/flight-pipeline.py
[2026-05-28T01:07:44.386+0000] {processor.py:830} INFO - Processing file /opt/airflow/dags/flight-pipeline.py for tasks to queue
[2026-05-28T01:07:44.388+0000] {logging_mixin.py:188} INFO - [2026-05-28T01:07:44.387+0000] {dagbag.py:545} INFO - Filling up the DagBag from /opt/airflow/dags/flight-pipeline.py
[2026-05-28T01:07:45.064+0000] {processor.py:840} INFO - DAG(s) 'flights_ops_medallion_pipe' retrieved from /opt/airflow/dags/flight-pipeline.py
[2026-05-28T01:07:45.087+0000] {logging_mixin.py:188} INFO - [2026-05-28T01:07:45.086+0000] {dag.py:3089} INFO - Sync 1 DAGs
[2026-05-28T01:07:45.105+0000] {logging_mixin.py:188} INFO - [2026-05-28T01:07:45.105+0000] {dag.py:3947} INFO - Setting next_dagrun for flights_ops_medallion_pipe to 2026-05-28 01:00:00+00:00, run_after=2026-05-28 01:30:00+00:00
[2026-05-28T01:07:45.123+0000] {processor.py:183} INFO - Processing /opt/airflow/dags/flight-pipeline.py took 0.743 seconds
[2026-05-28T01:08:15.299+0000] {processor.py:161} INFO - Started process (PID=918) to work on /opt/airflow/dags/flight-pipeline.py
[2026-05-28T01:08:15.300+0000] {processor.py:830} INFO - Processing file /opt/airflow/dags/flight-pipeline.py for tasks to queue
[2026-05-28T01:08:15.302+0000] {logging_mixin.py:188} INFO - [2026-05-28T01:08:15.302+0000] {dagbag.py:545} INFO - Filling up the DagBag from /opt/airflow/dags/flight-pipeline.py
[2026-05-28T01:08:16.008+0000] {processor.py:840} INFO - DAG(s) 'flights_ops_medallion_pipe' retrieved from /opt/airflow/dags/flight-pipeline.py
[2026-05-28T01:08:16.032+0000] {logging_mixin.py:188} INFO - [2026-05-28T01:08:16.032+0000] {dag.py:3089} INFO - Sync 1 DAGs
[2026-05-28T01:08:16.052+0000] {logging_mixin.py:188} INFO - [2026-05-28T01:08:16.052+0000] {dag.py:3947} INFO - Setting next_dagrun for flights_ops_medallion_pipe to 2026-05-28 01:00:00+00:00, run_after=2026-05-28 01:30:00+00:00
[2026-05-28T01:08:16.071+0000] {processor.py:183} INFO - Processing /opt/airflow/dags/flight-pipeline.py took 0.778 seconds
[2026-05-28T01:08:46.125+0000] {processor.py:161} INFO - Started process (PID=922) to work on /opt/airflow/dags/flight-pipeline.py
[2026-05-28T01:08:46.126+0000] {processor.py:830} INFO - Processing file /opt/airflow/dags/flight-pipeline.py for tasks to queue
[2026-05-28T01:08:46.128+0000] {logging_mixin.py:188} INFO - [2026-05-28T01:08:46.127+0000] {dagbag.py:545} INFO - Filling up the DagBag from /opt/airflow/dags/flight-pipeline.py
[2026-05-28T01:08:47.014+0000] {processor.py:840} INFO - DAG(s) 'flights_ops_medallion_pipe' retrieved from /opt/airflow/dags/flight-pipeline.py
[2026-05-28T01:08:47.041+0000] {logging_mixin.py:188} INFO - [2026-05-28T01:08:47.040+0000] {dag.py:3089} INFO - Sync 1 DAGs
[2026-05-28T01:08:47.063+0000] {logging_mixin.py:188} INFO - [2026-05-28T01:08:47.063+0000] {dag.py:3947} INFO - Setting next_dagrun for flights_ops_medallion_pipe to 2026-05-28 01:00:00+00:00, run_after=2026-05-28 01:30:00+00:00
[2026-05-28T01:08:47.083+0000] {processor.py:183} INFO - Processing /opt/airflow/dags/flight-pipeline.py took 0.966 seconds
[2026-05-28T01:09:17.302+0000] {processor.py:161} INFO - Started process (PID=984) to work on /opt/airflow/dags/flight-pipeline.py
[2026-05-28T01:09:17.303+0000] {processor.py:830} INFO - Processing file /opt/airflow/dags/flight-pipeline.py for tasks to queue
[2026-05-28T01:09:17.305+0000] {logging_mixin.py:188} INFO - [2026-05-28T01:09:17.305+0000] {dagbag.py:545} INFO - Filling up the DagBag from /opt/airflow/dags/flight-pipeline.py
[2026-05-28T01:09:18.070+0000] {processor.py:840} INFO - DAG(s) 'flights_ops_medallion_pipe' retrieved from /opt/airflow/dags/flight-pipeline.py
[2026-05-28T01:09:18.093+0000] {logging_mixin.py:188} INFO - [2026-05-28T01:09:18.092+0000] {dag.py:3089} INFO - Sync 1 DAGs
[2026-05-28T01:09:18.111+0000] {logging_mixin.py:188} INFO - [2026-05-28T01:09:18.111+0000] {dag.py:3947} INFO - Setting next_dagrun for flights_ops_medallion_pipe to 2026-05-28 01:00:00+00:00, run_after=2026-05-28 01:30:00+00:00
[2026-05-28T01:09:18.132+0000] {processor.py:183} INFO - Processing /opt/airflow/dags/flight-pipeline.py took 0.837 seconds
[2026-05-28T01:09:48.317+0000] {processor.py:161} INFO - Started process (PID=987) to work on /opt/airflow/dags/flight-pipeline.py
[2026-05-28T01:09:48.318+0000] {processor.py:830} INFO - Processing file /opt/airflow/dags/flight-pipeline.py for tasks to queue
[2026-05-28T01:09:48.320+0000] {logging_mixin.py:188} INFO - [2026-05-28T01:09:48.320+0000] {dagbag.py:545} INFO - Filling up the DagBag from /opt/airflow/dags/flight-pipeline.py
[2026-05-28T01:09:48.983+0000] {processor.py:840} INFO - DAG(s) 'flights_ops_medallion_pipe' retrieved from /opt/airflow/dags/flight-pipeline.py
[2026-05-28T01:09:49.006+0000] {logging_mixin.py:188} INFO - [2026-05-28T01:09:49.006+0000] {dag.py:3089} INFO - Sync 1 DAGs
[2026-05-28T01:09:49.026+0000] {logging_mixin.py:188} INFO - [2026-05-28T01:09:49.026+0000] {dag.py:3947} INFO - Setting next_dagrun for flights_ops_medallion_pipe to 2026-05-28 01:00:00+00:00, run_after=2026-05-28 01:30:00+00:00
[2026-05-28T01:09:49.046+0000] {processor.py:183} INFO - Processing /opt/airflow/dags/flight-pipeline.py took 0.733 seconds
[2026-05-28T01:10:19.226+0000] {processor.py:161} INFO - Started process (PID=990) to work on /opt/airflow/dags/flight-pipeline.py
[2026-05-28T01:10:19.226+0000] {processor.py:830} INFO - Processing file /opt/airflow/dags/flight-pipeline.py for tasks to queue
[2026-05-28T01:10:19.228+0000] {logging_mixin.py:188} INFO - [2026-05-28T01:10:19.228+0000] {dagbag.py:545} INFO - Filling up the DagBag from /opt/airflow/dags/flight-pipeline.py
[2026-05-28T01:10:19.996+0000] {processor.py:840} INFO - DAG(s) 'flights_ops_medallion_pipe' retrieved from /opt/airflow/dags/flight-pipeline.py
[2026-05-28T01:10:20.021+0000] {logging_mixin.py:188} INFO - [2026-05-28T01:10:20.018+0000] {dag.py:3089} INFO - Sync 1 DAGs
[2026-05-28T01:10:20.043+0000] {logging_mixin.py:188} INFO - [2026-05-28T01:10:20.043+0000] {dag.py:3947} INFO - Setting next_dagrun for flights_ops_medallion_pipe to 2026-05-28 01:00:00+00:00, run_after=2026-05-28 01:30:00+00:00
[2026-05-28T01:10:20.066+0000] {processor.py:183} INFO - Processing /opt/airflow/dags/flight-pipeline.py took 0.847 seconds
[2026-05-28T01:10:50.243+0000] {processor.py:161} INFO - Started process (PID=993) to work on /opt/airflow/dags/flight-pipeline.py
[2026-05-28T01:10:50.244+0000] {processor.py:830} INFO - Processing file /opt/airflow/dags/flight-pipeline.py for tasks to queue
[2026-05-28T01:10:50.247+0000] {logging_mixin.py:188} INFO - [2026-05-28T01:10:50.246+0000] {dagbag.py:545} INFO - Filling up the DagBag from /opt/airflow/dags/flight-pipeline.py
[2026-05-28T01:10:51.036+0000] {processor.py:840} INFO - DAG(s) 'flights_ops_medallion_pipe' retrieved from /opt/airflow/dags/flight-pipeline.py
[2026-05-28T01:10:51.063+0000] {logging_mixin.py:188} INFO - [2026-05-28T01:10:51.062+0000] {dag.py:3089} INFO - Sync 1 DAGs
[2026-05-28T01:10:51.086+0000] {logging_mixin.py:188} INFO - [2026-05-28T01:10:51.085+0000] {dag.py:3947} INFO - Setting next_dagrun for flights_ops_medallion_pipe to 2026-05-28 01:00:00+00:00, run_after=2026-05-28 01:30:00+00:00
[2026-05-28T01:10:51.111+0000] {processor.py:183} INFO - Processing /opt/airflow/dags/flight-pipeline.py took 0.875 seconds
[2026-05-28T01:11:21.284+0000] {processor.py:161} INFO - Started process (PID=1012) to work on /opt/airflow/dags/flight-pipeline.py
[2026-05-28T01:11:21.284+0000] {processor.py:830} INFO - Processing file /opt/airflow/dags/flight-pipeline.py for tasks to queue
[2026-05-28T01:11:21.287+0000] {logging_mixin.py:188} INFO - [2026-05-28T01:11:21.287+0000] {dagbag.py:545} INFO - Filling up the DagBag from /opt/airflow/dags/flight-pipeline.py
[2026-05-28T01:11:22.007+0000] {processor.py:840} INFO - DAG(s) 'flights_ops_medallion_pipe' retrieved from /opt/airflow/dags/flight-pipeline.py
[2026-05-28T01:11:22.035+0000] {logging_mixin.py:188} INFO - [2026-05-28T01:11:22.034+0000] {dag.py:3089} INFO - Sync 1 DAGs
[2026-05-28T01:11:22.056+0000] {logging_mixin.py:188} INFO - [2026-05-28T01:11:22.056+0000] {dag.py:3947} INFO - Setting next_dagrun for flights_ops_medallion_pipe to 2026-05-28 01:00:00+00:00, run_after=2026-05-28 01:30:00+00:00
[2026-05-28T01:11:22.074+0000] {processor.py:183} INFO - Processing /opt/airflow/dags/flight-pipeline.py took 0.796 seconds
[2026-05-28T01:11:52.123+0000] {processor.py:161} INFO - Started process (PID=1059) to work on /opt/airflow/dags/flight-pipeline.py
[2026-05-28T01:11:52.124+0000] {processor.py:830} INFO - Processing file /opt/airflow/dags/flight-pipeline.py for tasks to queue
[2026-05-28T01:11:52.126+0000] {logging_mixin.py:188} INFO - [2026-05-28T01:11:52.126+0000] {dagbag.py:545} INFO - Filling up the DagBag from /opt/airflow/dags/flight-pipeline.py
[2026-05-28T01:11:52.935+0000] {processor.py:840} INFO - DAG(s) 'flights_ops_medallion_pipe' retrieved from /opt/airflow/dags/flight-pipeline.py
[2026-05-28T01:11:52.961+0000] {logging_mixin.py:188} INFO - [2026-05-28T01:11:52.961+0000] {dag.py:3089} INFO - Sync 1 DAGs
[2026-05-28T01:11:52.983+0000] {logging_mixin.py:188} INFO - [2026-05-28T01:11:52.983+0000] {dag.py:3947} INFO - Setting next_dagrun for flights_ops_medallion_pipe to 2026-05-28 01:00:00+00:00, run_after=2026-05-28 01:30:00+00:00
[2026-05-28T01:11:53.002+0000] {processor.py:183} INFO - Processing /opt/airflow/dags/flight-pipeline.py took 0.885 seconds
[2026-05-28T01:12:23.193+0000] {processor.py:161} INFO - Started process (PID=1062) to work on /opt/airflow/dags/flight-pipeline.py
[2026-05-28T01:12:23.194+0000] {processor.py:830} INFO - Processing file /opt/airflow/dags/flight-pipeline.py for tasks to queue
[2026-05-28T01:12:23.196+0000] {logging_mixin.py:188} INFO - [2026-05-28T01:12:23.196+0000] {dagbag.py:545} INFO - Filling up the DagBag from /opt/airflow/dags/flight-pipeline.py
[2026-05-28T01:12:23.933+0000] {processor.py:840} INFO - DAG(s) 'flights_ops_medallion_pipe' retrieved from /opt/airflow/dags/flight-pipeline.py
[2026-05-28T01:12:23.958+0000] {logging_mixin.py:188} INFO - [2026-05-28T01:12:23.958+0000] {dag.py:3089} INFO - Sync 1 DAGs
[2026-05-28T01:12:23.979+0000] {logging_mixin.py:188} INFO - [2026-05-28T01:12:23.978+0000] {dag.py:3947} INFO - Setting next_dagrun for flights_ops_medallion_pipe to 2026-05-28 01:00:00+00:00, run_after=2026-05-28 01:30:00+00:00
[2026-05-28T01:12:23.997+0000] {processor.py:183} INFO - Processing /opt/airflow/dags/flight-pipeline.py took 0.809 seconds
[2026-05-28T01:12:54.194+0000] {processor.py:161} INFO - Started process (PID=1110) to work on /opt/airflow/dags/flight-pipeline.py
[2026-05-28T01:12:54.195+0000] {processor.py:830} INFO - Processing file /opt/airflow/dags/flight-pipeline.py for tasks to queue
[2026-05-28T01:12:54.198+0000] {logging_mixin.py:188} INFO - [2026-05-28T01:12:54.197+0000] {dagbag.py:545} INFO - Filling up the DagBag from /opt/airflow/dags/flight-pipeline.py
[2026-05-28T01:12:55.087+0000] {processor.py:840} INFO - DAG(s) 'flights_ops_medallion_pipe' retrieved from /opt/airflow/dags/flight-pipeline.py
[2026-05-28T01:12:55.120+0000] {logging_mixin.py:188} INFO - [2026-05-28T01:12:55.119+0000] {dag.py:3089} INFO - Sync 1 DAGs
[2026-05-28T01:12:55.155+0000] {logging_mixin.py:188} INFO - [2026-05-28T01:12:55.154+0000] {dag.py:3947} INFO - Setting next_dagrun for flights_ops_medallion_pipe to 2026-05-28 01:00:00+00:00, run_after=2026-05-28 01:30:00+00:00
[2026-05-28T01:12:55.176+0000] {processor.py:183} INFO - Processing /opt/airflow/dags/flight-pipeline.py took 0.990 seconds
[2026-05-28T01:13:25.349+0000] {processor.py:161} INFO - Started process (PID=1128) to work on /opt/airflow/dags/flight-pipeline.py
[2026-05-28T01:13:25.350+0000] {processor.py:830} INFO - Processing file /opt/airflow/dags/flight-pipeline.py for tasks to queue
[2026-05-28T01:13:25.351+0000] {logging_mixin.py:188} INFO - [2026-05-28T01:13:25.351+0000] {dagbag.py:545} INFO - Filling up the DagBag from /opt/airflow/dags/flight-pipeline.py
[2026-05-28T01:13:26.083+0000] {processor.py:840} INFO - DAG(s) 'flights_ops_medallion_pipe' retrieved from /opt/airflow/dags/flight-pipeline.py
[2026-05-28T01:13:26.105+0000] {logging_mixin.py:188} INFO - [2026-05-28T01:13:26.103+0000] {dag.py:3089} INFO - Sync 1 DAGs
[2026-05-28T01:13:26.123+0000] {logging_mixin.py:188} INFO - [2026-05-28T01:13:26.123+0000] {dag.py:3947} INFO - Setting next_dagrun for flights_ops_medallion_pipe to 2026-05-28 01:00:00+00:00, run_after=2026-05-28 01:30:00+00:00
[2026-05-28T01:13:26.140+0000] {processor.py:183} INFO - Processing /opt/airflow/dags/flight-pipeline.py took 0.796 seconds
[2026-05-28T01:13:56.353+0000] {processor.py:161} INFO - Started process (PID=1176) to work on /opt/airflow/dags/flight-pipeline.py
[2026-05-28T01:13:56.354+0000] {processor.py:830} INFO - Processing file /opt/airflow/dags/flight-pipeline.py for tasks to queue
[2026-05-28T01:13:56.356+0000] {logging_mixin.py:188} INFO - [2026-05-28T01:13:56.355+0000] {dagbag.py:545} INFO - Filling up the DagBag from /opt/airflow/dags/flight-pipeline.py
[2026-05-28T01:13:57.090+0000] {processor.py:840} INFO - DAG(s) 'flights_ops_medallion_pipe' retrieved from /opt/airflow/dags/flight-pipeline.py
[2026-05-28T01:13:57.114+0000] {logging_mixin.py:188} INFO - [2026-05-28T01:13:57.113+0000] {dag.py:3089} INFO - Sync 1 DAGs
[2026-05-28T01:13:57.133+0000] {logging_mixin.py:188} INFO - [2026-05-28T01:13:57.133+0000] {dag.py:3947} INFO - Setting next_dagrun for flights_ops_medallion_pipe to 2026-05-28 01:00:00+00:00, run_after=2026-05-28 01:30:00+00:00
[2026-05-28T01:13:57.150+0000] {processor.py:183} INFO - Processing /opt/airflow/dags/flight-pipeline.py took 0.802 seconds
[2026-05-28T01:14:27.349+0000] {processor.py:161} INFO - Started process (PID=1194) to work on /opt/airflow/dags/flight-pipeline.py
[2026-05-28T01:14:27.350+0000] {processor.py:830} INFO - Processing file /opt/airflow/dags/flight-pipeline.py for tasks to queue
[2026-05-28T01:14:27.353+0000] {logging_mixin.py:188} INFO - [2026-05-28T01:14:27.353+0000] {dagbag.py:545} INFO - Filling up the DagBag from /opt/airflow/dags/flight-pipeline.py
[2026-05-28T01:14:28.145+0000] {processor.py:840} INFO - DAG(s) 'flights_ops_medallion_pipe' retrieved from /opt/airflow/dags/flight-pipeline.py
[2026-05-28T01:14:28.172+0000] {logging_mixin.py:188} INFO - [2026-05-28T01:14:28.171+0000] {dag.py:3089} INFO - Sync 1 DAGs
[2026-05-28T01:14:28.193+0000] {logging_mixin.py:188} INFO - [2026-05-28T01:14:28.193+0000] {dag.py:3947} INFO - Setting next_dagrun for flights_ops_medallion_pipe to 2026-05-28 01:00:00+00:00, run_after=2026-05-28 01:30:00+00:00
[2026-05-28T01:14:28.215+0000] {processor.py:183} INFO - Processing /opt/airflow/dags/flight-pipeline.py took 0.873 seconds
[2026-05-28T01:14:58.394+0000] {processor.py:161} INFO - Started process (PID=1197) to work on /opt/airflow/dags/flight-pipeline.py
[2026-05-28T01:14:58.395+0000] {processor.py:830} INFO - Processing file /opt/airflow/dags/flight-pipeline.py for tasks to queue
[2026-05-28T01:14:58.397+0000] {logging_mixin.py:188} INFO - [2026-05-28T01:14:58.397+0000] {dagbag.py:545} INFO - Filling up the DagBag from /opt/airflow/dags/flight-pipeline.py
[2026-05-28T01:14:59.251+0000] {processor.py:840} INFO - DAG(s) 'flights_ops_medallion_pipe' retrieved from /opt/airflow/dags/flight-pipeline.py
[2026-05-28T01:14:59.284+0000] {logging_mixin.py:188} INFO - [2026-05-28T01:14:59.283+0000] {dag.py:3089} INFO - Sync 1 DAGs
[2026-05-28T01:14:59.308+0000] {logging_mixin.py:188} INFO - [2026-05-28T01:14:59.308+0000] {dag.py:3947} INFO - Setting next_dagrun for flights_ops_medallion_pipe to 2026-05-28 01:00:00+00:00, run_after=2026-05-28 01:30:00+00:00
[2026-05-28T01:14:59.328+0000] {processor.py:183} INFO - Processing /opt/airflow/dags/flight-pipeline.py took 0.940 seconds
[2026-05-28T01:15:29.541+0000] {processor.py:161} INFO - Started process (PID=1200) to work on /opt/airflow/dags/flight-pipeline.py
[2026-05-28T01:15:29.542+0000] {processor.py:830} INFO - Processing file /opt/airflow/dags/flight-pipeline.py for tasks to queue
[2026-05-28T01:15:29.545+0000] {logging_mixin.py:188} INFO - [2026-05-28T01:15:29.544+0000] {dagbag.py:545} INFO - Filling up the DagBag from /opt/airflow/dags/flight-pipeline.py
[2026-05-28T01:15:30.431+0000] {processor.py:840} INFO - DAG(s) 'flights_ops_medallion_pipe' retrieved from /opt/airflow/dags/flight-pipeline.py
[2026-05-28T01:15:30.459+0000] {logging_mixin.py:188} INFO - [2026-05-28T01:15:30.458+0000] {dag.py:3089} INFO - Sync 1 DAGs
[2026-05-28T01:15:30.483+0000] {logging_mixin.py:188} INFO - [2026-05-28T01:15:30.483+0000] {dag.py:3947} INFO - Setting next_dagrun for flights_ops_medallion_pipe to 2026-05-28 01:00:00+00:00, run_after=2026-05-28 01:30:00+00:00
[2026-05-28T01:15:30.506+0000] {processor.py:183} INFO - Processing /opt/airflow/dags/flight-pipeline.py took 0.971 seconds
[2026-05-28T01:16:00.735+0000] {processor.py:161} INFO - Started process (PID=1203) to work on /opt/airflow/dags/flight-pipeline.py
[2026-05-28T01:16:00.736+0000] {processor.py:830} INFO - Processing file /opt/airflow/dags/flight-pipeline.py for tasks to queue
[2026-05-28T01:16:00.738+0000] {logging_mixin.py:188} INFO - [2026-05-28T01:16:00.738+0000] {dagbag.py:545} INFO - Filling up the DagBag from /opt/airflow/dags/flight-pipeline.py
[2026-05-28T01:16:01.459+0000] {processor.py:840} INFO - DAG(s) 'flights_ops_medallion_pipe' retrieved from /opt/airflow/dags/flight-pipeline.py
[2026-05-28T01:16:01.483+0000] {logging_mixin.py:188} INFO - [2026-05-28T01:16:01.482+0000] {dag.py:3089} INFO - Sync 1 DAGs
[2026-05-28T01:16:01.503+0000] {logging_mixin.py:188} INFO - [2026-05-28T01:16:01.503+0000] {dag.py:3947} INFO - Setting next_dagrun for flights_ops_medallion_pipe to 2026-05-28 01:00:00+00:00, run_after=2026-05-28 01:30:00+00:00
[2026-05-28T01:16:01.521+0000] {processor.py:183} INFO - Processing /opt/airflow/dags/flight-pipeline.py took 0.792 seconds
[2026-05-28T01:16:31.706+0000] {processor.py:161} INFO - Started process (PID=1206) to work on /opt/airflow/dags/flight-pipeline.py
[2026-05-28T01:16:31.707+0000] {processor.py:830} INFO - Processing file /opt/airflow/dags/flight-pipeline.py for tasks to queue
[2026-05-28T01:16:31.709+0000] {logging_mixin.py:188} INFO - [2026-05-28T01:16:31.708+0000] {dagbag.py:545} INFO - Filling up the DagBag from /opt/airflow/dags/flight-pipeline.py
[2026-05-28T01:16:32.646+0000] {processor.py:840} INFO - DAG(s) 'flights_ops_medallion_pipe' retrieved from /opt/airflow/dags/flight-pipeline.py
[2026-05-28T01:16:32.681+0000] {logging_mixin.py:188} INFO - [2026-05-28T01:16:32.679+0000] {dag.py:3089} INFO - Sync 1 DAGs
[2026-05-28T01:16:32.707+0000] {logging_mixin.py:188} INFO - [2026-05-28T01:16:32.707+0000] {dag.py:3947} INFO - Setting next_dagrun for flights_ops_medallion_pipe to 2026-05-28 01:00:00+00:00, run_after=2026-05-28 01:30:00+00:00
[2026-05-28T01:16:32.733+0000] {processor.py:183} INFO - Processing /opt/airflow/dags/flight-pipeline.py took 1.034 seconds
[2026-05-28T01:17:02.886+0000] {processor.py:161} INFO - Started process (PID=1209) to work on /opt/airflow/dags/flight-pipeline.py
[2026-05-28T01:17:02.888+0000] {processor.py:830} INFO - Processing file /opt/airflow/dags/flight-pipeline.py for tasks to queue
[2026-05-28T01:17:02.892+0000] {logging_mixin.py:188} INFO - [2026-05-28T01:17:02.892+0000] {dagbag.py:545} INFO - Filling up the DagBag from /opt/airflow/dags/flight-pipeline.py
[2026-05-28T01:17:03.835+0000] {processor.py:840} INFO - DAG(s) 'flights_ops_medallion_pipe' retrieved from /opt/airflow/dags/flight-pipeline.py
[2026-05-28T01:17:03.862+0000] {logging_mixin.py:188} INFO - [2026-05-28T01:17:03.862+0000] {dag.py:3089} INFO - Sync 1 DAGs
[2026-05-28T01:17:03.882+0000] {logging_mixin.py:188} INFO - [2026-05-28T01:17:03.882+0000] {dag.py:3947} INFO - Setting next_dagrun for flights_ops_medallion_pipe to 2026-05-28 01:00:00+00:00, run_after=2026-05-28 01:30:00+00:00
[2026-05-28T01:17:03.901+0000] {processor.py:183} INFO - Processing /opt/airflow/dags/flight-pipeline.py took 1.029 seconds
[2026-05-28T01:17:34.057+0000] {processor.py:161} INFO - Started process (PID=1212) to work on /opt/airflow/dags/flight-pipeline.py
[2026-05-28T01:17:34.058+0000] {processor.py:830} INFO - Processing file /opt/airflow/dags/flight-pipeline.py for tasks to queue
[2026-05-28T01:17:34.060+0000] {logging_mixin.py:188} INFO - [2026-05-28T01:17:34.059+0000] {dagbag.py:545} INFO - Filling up the DagBag from /opt/airflow/dags/flight-pipeline.py
[2026-05-28T01:17:34.827+0000] {processor.py:840} INFO - DAG(s) 'flights_ops_medallion_pipe' retrieved from /opt/airflow/dags/flight-pipeline.py
[2026-05-28T01:17:34.853+0000] {logging_mixin.py:188} INFO - [2026-05-28T01:17:34.852+0000] {dag.py:3089} INFO - Sync 1 DAGs
[2026-05-28T01:17:34.875+0000] {logging_mixin.py:188} INFO - [2026-05-28T01:17:34.875+0000] {dag.py:3947} INFO - Setting next_dagrun for flights_ops_medallion_pipe to 2026-05-28 01:00:00+00:00, run_after=2026-05-28 01:30:00+00:00
[2026-05-28T01:17:34.898+0000] {processor.py:183} INFO - Processing /opt/airflow/dags/flight-pipeline.py took 0.847 seconds
[2026-05-28T01:18:05.089+0000] {processor.py:161} INFO - Started process (PID=1215) to work on /opt/airflow/dags/flight-pipeline.py
[2026-05-28T01:18:05.090+0000] {processor.py:830} INFO - Processing file /opt/airflow/dags/flight-pipeline.py for tasks to queue
[2026-05-28T01:18:05.092+0000] {logging_mixin.py:188} INFO - [2026-05-28T01:18:05.092+0000] {dagbag.py:545} INFO - Filling up the DagBag from /opt/airflow/dags/flight-pipeline.py
[2026-05-28T01:18:05.851+0000] {processor.py:840} INFO - DAG(s) 'flights_ops_medallion_pipe' retrieved from /opt/airflow/dags/flight-pipeline.py
[2026-05-28T01:18:05.877+0000] {logging_mixin.py:188} INFO - [2026-05-28T01:18:05.876+0000] {dag.py:3089} INFO - Sync 1 DAGs
[2026-05-28T01:18:05.899+0000] {logging_mixin.py:188} INFO - [2026-05-28T01:18:05.899+0000] {dag.py:3947} INFO - Setting next_dagrun for flights_ops_medallion_pipe to 2026-05-28 01:00:00+00:00, run_after=2026-05-28 01:30:00+00:00
[2026-05-28T01:18:05.925+0000] {processor.py:183} INFO - Processing /opt/airflow/dags/flight-pipeline.py took 0.842 seconds
[2026-05-28T01:18:36.142+0000] {processor.py:161} INFO - Started process (PID=1218) to work on /opt/airflow/dags/flight-pipeline.py
[2026-05-28T01:18:36.144+0000] {processor.py:830} INFO - Processing file /opt/airflow/dags/flight-pipeline.py for tasks to queue
[2026-05-28T01:18:36.147+0000] {logging_mixin.py:188} INFO - [2026-05-28T01:18:36.146+0000] {dagbag.py:545} INFO - Filling up the DagBag from /opt/airflow/dags/flight-pipeline.py
[2026-05-28T01:18:36.934+0000] {processor.py:840} INFO - DAG(s) 'flights_ops_medallion_pipe' retrieved from /opt/airflow/dags/flight-pipeline.py
[2026-05-28T01:18:36.961+0000] {logging_mixin.py:188} INFO - [2026-05-28T01:18:36.960+0000] {dag.py:3089} INFO - Sync 1 DAGs
[2026-05-28T01:18:36.983+0000] {logging_mixin.py:188} INFO - [2026-05-28T01:18:36.983+0000] {dag.py:3947} INFO - Setting next_dagrun for flights_ops_medallion_pipe to 2026-05-28 01:00:00+00:00, run_after=2026-05-28 01:30:00+00:00
[2026-05-28T01:18:37.004+0000] {processor.py:183} INFO - Processing /opt/airflow/dags/flight-pipeline.py took 0.868 seconds
[2026-05-28T01:19:07.186+0000] {processor.py:161} INFO - Started process (PID=1221) to work on /opt/airflow/dags/flight-pipeline.py
[2026-05-28T01:19:07.187+0000] {processor.py:830} INFO - Processing file /opt/airflow/dags/flight-pipeline.py for tasks to queue
[2026-05-28T01:19:07.189+0000] {logging_mixin.py:188} INFO - [2026-05-28T01:19:07.189+0000] {dagbag.py:545} INFO - Filling up the DagBag from /opt/airflow/dags/flight-pipeline.py
[2026-05-28T01:19:08.072+0000] {processor.py:840} INFO - DAG(s) 'flights_ops_medallion_pipe' retrieved from /opt/airflow/dags/flight-pipeline.py
[2026-05-28T01:19:08.102+0000] {logging_mixin.py:188} INFO - [2026-05-28T01:19:08.101+0000] {dag.py:3089} INFO - Sync 1 DAGs
[2026-05-28T01:19:08.127+0000] {logging_mixin.py:188} INFO - [2026-05-28T01:19:08.126+0000] {dag.py:3947} INFO - Setting next_dagrun for flights_ops_medallion_pipe to 2026-05-28 01:00:00+00:00, run_after=2026-05-28 01:30:00+00:00
[2026-05-28T01:19:08.145+0000] {processor.py:183} INFO - Processing /opt/airflow/dags/flight-pipeline.py took 0.965 seconds
