[2026-05-27T00:48:23.581+0000] {processor.py:161} INFO - Started process (PID=29) to work on /opt/airflow/dags/flight-pipeline.py
[2026-05-27T00:48:23.583+0000] {processor.py:830} INFO - Processing file /opt/airflow/dags/flight-pipeline.py for tasks to queue
[2026-05-27T00:48:23.600+0000] {logging_mixin.py:188} INFO - [2026-05-27T00:48:23.597+0000] {dagbag.py:545} INFO - Filling up the DagBag from /opt/airflow/dags/flight-pipeline.py
[2026-05-27T00:48:23.736+0000] {logging_mixin.py:188} INFO - [2026-05-27T00:48:23.724+0000] {dagbag.py:355} ERROR - Failed to import: /opt/airflow/dags/flight-pipeline.py
Traceback (most recent call last):
  File "/home/airflow/.local/lib/python3.12/site-packages/airflow/models/dagbag.py", line 351, in parse
    loader.exec_module(new_module)
  File "<frozen importlib._bootstrap_external>", line 995, in exec_module
  File "<frozen importlib._bootstrap>", line 488, in _call_with_frames_removed
  File "/opt/airflow/dags/flight-pipeline.py", line 20, in <module>
    with DAD(
         ^^^
NameError: name 'DAD' is not defined. Did you mean: 'DAG'?
[2026-05-27T00:48:23.739+0000] {processor.py:842} WARNING - No viable dags retrieved from /opt/airflow/dags/flight-pipeline.py
[2026-05-27T00:48:23.806+0000] {processor.py:183} INFO - Processing /opt/airflow/dags/flight-pipeline.py took 0.264 seconds
[2026-05-27T00:48:53.984+0000] {processor.py:161} INFO - Started process (PID=30) to work on /opt/airflow/dags/flight-pipeline.py
[2026-05-27T00:48:53.985+0000] {processor.py:830} INFO - Processing file /opt/airflow/dags/flight-pipeline.py for tasks to queue
[2026-05-27T00:48:53.987+0000] {logging_mixin.py:188} INFO - [2026-05-27T00:48:53.987+0000] {dagbag.py:545} INFO - Filling up the DagBag from /opt/airflow/dags/flight-pipeline.py
[2026-05-27T00:48:54.020+0000] {logging_mixin.py:188} INFO - [2026-05-27T00:48:54.014+0000] {dagbag.py:355} ERROR - Failed to import: /opt/airflow/dags/flight-pipeline.py
Traceback (most recent call last):
  File "/home/airflow/.local/lib/python3.12/site-packages/airflow/models/dagbag.py", line 351, in parse
    loader.exec_module(new_module)
  File "<frozen importlib._bootstrap_external>", line 995, in exec_module
  File "<frozen importlib._bootstrap>", line 488, in _call_with_frames_removed
  File "/opt/airflow/dags/flight-pipeline.py", line 20, in <module>
    with DAD(
         ^^^
NameError: name 'DAD' is not defined. Did you mean: 'DAG'?
[2026-05-27T00:48:54.021+0000] {processor.py:842} WARNING - No viable dags retrieved from /opt/airflow/dags/flight-pipeline.py
[2026-05-27T00:48:54.079+0000] {processor.py:183} INFO - Processing /opt/airflow/dags/flight-pipeline.py took 0.101 seconds
[2026-05-27T00:49:24.145+0000] {processor.py:161} INFO - Started process (PID=31) to work on /opt/airflow/dags/flight-pipeline.py
[2026-05-27T00:49:24.146+0000] {processor.py:830} INFO - Processing file /opt/airflow/dags/flight-pipeline.py for tasks to queue
[2026-05-27T00:49:24.149+0000] {logging_mixin.py:188} INFO - [2026-05-27T00:49:24.148+0000] {dagbag.py:545} INFO - Filling up the DagBag from /opt/airflow/dags/flight-pipeline.py
[2026-05-27T00:49:24.181+0000] {logging_mixin.py:188} INFO - [2026-05-27T00:49:24.176+0000] {dagbag.py:355} ERROR - Failed to import: /opt/airflow/dags/flight-pipeline.py
Traceback (most recent call last):
  File "/home/airflow/.local/lib/python3.12/site-packages/airflow/models/dagbag.py", line 351, in parse
    loader.exec_module(new_module)
  File "<frozen importlib._bootstrap_external>", line 995, in exec_module
  File "<frozen importlib._bootstrap>", line 488, in _call_with_frames_removed
  File "/opt/airflow/dags/flight-pipeline.py", line 20, in <module>
    with DAD(
         ^^^
NameError: name 'DAD' is not defined. Did you mean: 'DAG'?
[2026-05-27T00:49:24.183+0000] {processor.py:842} WARNING - No viable dags retrieved from /opt/airflow/dags/flight-pipeline.py
[2026-05-27T00:49:24.209+0000] {processor.py:183} INFO - Processing /opt/airflow/dags/flight-pipeline.py took 0.071 seconds
[2026-05-27T00:49:54.421+0000] {processor.py:161} INFO - Started process (PID=32) to work on /opt/airflow/dags/flight-pipeline.py
[2026-05-27T00:49:54.424+0000] {processor.py:830} INFO - Processing file /opt/airflow/dags/flight-pipeline.py for tasks to queue
[2026-05-27T00:49:54.431+0000] {logging_mixin.py:188} INFO - [2026-05-27T00:49:54.430+0000] {dagbag.py:545} INFO - Filling up the DagBag from /opt/airflow/dags/flight-pipeline.py
[2026-05-27T00:49:54.504+0000] {logging_mixin.py:188} INFO - [2026-05-27T00:49:54.495+0000] {dagbag.py:355} ERROR - Failed to import: /opt/airflow/dags/flight-pipeline.py
Traceback (most recent call last):
  File "/home/airflow/.local/lib/python3.12/site-packages/airflow/models/dagbag.py", line 351, in parse
    loader.exec_module(new_module)
  File "<frozen importlib._bootstrap_external>", line 995, in exec_module
  File "<frozen importlib._bootstrap>", line 488, in _call_with_frames_removed
  File "/opt/airflow/dags/flight-pipeline.py", line 20, in <module>
    with DAD(
         ^^^
NameError: name 'DAD' is not defined. Did you mean: 'DAG'?
[2026-05-27T00:49:54.510+0000] {processor.py:842} WARNING - No viable dags retrieved from /opt/airflow/dags/flight-pipeline.py
[2026-05-27T00:49:54.560+0000] {processor.py:183} INFO - Processing /opt/airflow/dags/flight-pipeline.py took 0.149 seconds
[2026-05-27T00:50:24.806+0000] {processor.py:161} INFO - Started process (PID=33) to work on /opt/airflow/dags/flight-pipeline.py
[2026-05-27T00:50:24.807+0000] {processor.py:830} INFO - Processing file /opt/airflow/dags/flight-pipeline.py for tasks to queue
[2026-05-27T00:50:24.809+0000] {logging_mixin.py:188} INFO - [2026-05-27T00:50:24.809+0000] {dagbag.py:545} INFO - Filling up the DagBag from /opt/airflow/dags/flight-pipeline.py
[2026-05-27T00:50:24.847+0000] {logging_mixin.py:188} INFO - [2026-05-27T00:50:24.842+0000] {dagbag.py:355} ERROR - Failed to import: /opt/airflow/dags/flight-pipeline.py
Traceback (most recent call last):
  File "/home/airflow/.local/lib/python3.12/site-packages/airflow/models/dagbag.py", line 351, in parse
    loader.exec_module(new_module)
  File "<frozen importlib._bootstrap_external>", line 995, in exec_module
  File "<frozen importlib._bootstrap>", line 488, in _call_with_frames_removed
  File "/opt/airflow/dags/flight-pipeline.py", line 20, in <module>
    with DAD(
         ^^^
NameError: name 'DAD' is not defined. Did you mean: 'DAG'?
[2026-05-27T00:50:24.849+0000] {processor.py:842} WARNING - No viable dags retrieved from /opt/airflow/dags/flight-pipeline.py
[2026-05-27T00:50:24.877+0000] {processor.py:183} INFO - Processing /opt/airflow/dags/flight-pipeline.py took 0.080 seconds
[2026-05-27T00:50:54.982+0000] {processor.py:161} INFO - Started process (PID=34) to work on /opt/airflow/dags/flight-pipeline.py
[2026-05-27T00:50:54.983+0000] {processor.py:830} INFO - Processing file /opt/airflow/dags/flight-pipeline.py for tasks to queue
[2026-05-27T00:50:54.986+0000] {logging_mixin.py:188} INFO - [2026-05-27T00:50:54.985+0000] {dagbag.py:545} INFO - Filling up the DagBag from /opt/airflow/dags/flight-pipeline.py
[2026-05-27T00:50:55.040+0000] {logging_mixin.py:188} INFO - [2026-05-27T00:50:55.030+0000] {dagbag.py:355} ERROR - Failed to import: /opt/airflow/dags/flight-pipeline.py
Traceback (most recent call last):
  File "/home/airflow/.local/lib/python3.12/site-packages/airflow/models/dagbag.py", line 351, in parse
    loader.exec_module(new_module)
  File "<frozen importlib._bootstrap_external>", line 995, in exec_module
  File "<frozen importlib._bootstrap>", line 488, in _call_with_frames_removed
  File "/opt/airflow/dags/flight-pipeline.py", line 20, in <module>
    with DAD(
         ^^^
NameError: name 'DAD' is not defined. Did you mean: 'DAG'?
[2026-05-27T00:50:55.043+0000] {processor.py:842} WARNING - No viable dags retrieved from /opt/airflow/dags/flight-pipeline.py
[2026-05-27T00:50:55.093+0000] {processor.py:183} INFO - Processing /opt/airflow/dags/flight-pipeline.py took 0.121 seconds
[2026-05-27T00:51:25.205+0000] {processor.py:161} INFO - Started process (PID=35) to work on /opt/airflow/dags/flight-pipeline.py
[2026-05-27T00:51:25.206+0000] {processor.py:830} INFO - Processing file /opt/airflow/dags/flight-pipeline.py for tasks to queue
[2026-05-27T00:51:25.209+0000] {logging_mixin.py:188} INFO - [2026-05-27T00:51:25.208+0000] {dagbag.py:545} INFO - Filling up the DagBag from /opt/airflow/dags/flight-pipeline.py
[2026-05-27T00:51:25.243+0000] {logging_mixin.py:188} INFO - [2026-05-27T00:51:25.239+0000] {dagbag.py:355} ERROR - Failed to import: /opt/airflow/dags/flight-pipeline.py
Traceback (most recent call last):
  File "/home/airflow/.local/lib/python3.12/site-packages/airflow/models/dagbag.py", line 351, in parse
    loader.exec_module(new_module)
  File "<frozen importlib._bootstrap_external>", line 995, in exec_module
  File "<frozen importlib._bootstrap>", line 488, in _call_with_frames_removed
  File "/opt/airflow/dags/flight-pipeline.py", line 20, in <module>
    with DAD(
         ^^^
NameError: name 'DAD' is not defined. Did you mean: 'DAG'?
[2026-05-27T00:51:25.245+0000] {processor.py:842} WARNING - No viable dags retrieved from /opt/airflow/dags/flight-pipeline.py
[2026-05-27T00:51:25.269+0000] {processor.py:183} INFO - Processing /opt/airflow/dags/flight-pipeline.py took 0.073 seconds
[2026-05-27T00:51:55.450+0000] {processor.py:161} INFO - Started process (PID=36) to work on /opt/airflow/dags/flight-pipeline.py
[2026-05-27T00:51:55.451+0000] {processor.py:830} INFO - Processing file /opt/airflow/dags/flight-pipeline.py for tasks to queue
[2026-05-27T00:51:55.453+0000] {logging_mixin.py:188} INFO - [2026-05-27T00:51:55.453+0000] {dagbag.py:545} INFO - Filling up the DagBag from /opt/airflow/dags/flight-pipeline.py
[2026-05-27T00:51:55.485+0000] {logging_mixin.py:188} INFO - [2026-05-27T00:51:55.481+0000] {dagbag.py:355} ERROR - Failed to import: /opt/airflow/dags/flight-pipeline.py
Traceback (most recent call last):
  File "/home/airflow/.local/lib/python3.12/site-packages/airflow/models/dagbag.py", line 351, in parse
    loader.exec_module(new_module)
  File "<frozen importlib._bootstrap_external>", line 995, in exec_module
  File "<frozen importlib._bootstrap>", line 488, in _call_with_frames_removed
  File "/opt/airflow/dags/flight-pipeline.py", line 20, in <module>
    with DAD(
         ^^^
NameError: name 'DAD' is not defined. Did you mean: 'DAG'?
[2026-05-27T00:51:55.488+0000] {processor.py:842} WARNING - No viable dags retrieved from /opt/airflow/dags/flight-pipeline.py
[2026-05-27T00:51:55.510+0000] {processor.py:183} INFO - Processing /opt/airflow/dags/flight-pipeline.py took 0.065 seconds
[2026-05-27T00:52:00.503+0000] {processor.py:161} INFO - Started process (PID=37) to work on /opt/airflow/dags/flight-pipeline.py
[2026-05-27T00:52:00.504+0000] {processor.py:830} INFO - Processing file /opt/airflow/dags/flight-pipeline.py for tasks to queue
[2026-05-27T00:52:00.505+0000] {logging_mixin.py:188} INFO - [2026-05-27T00:52:00.505+0000] {dagbag.py:545} INFO - Filling up the DagBag from /opt/airflow/dags/flight-pipeline.py
[2026-05-27T00:52:00.541+0000] {logging_mixin.py:188} INFO - [2026-05-27T00:52:00.538+0000] {dagbag.py:355} ERROR - Failed to import: /opt/airflow/dags/flight-pipeline.py
Traceback (most recent call last):
  File "/home/airflow/.local/lib/python3.12/site-packages/airflow/models/dagbag.py", line 351, in parse
    loader.exec_module(new_module)
  File "<frozen importlib._bootstrap_external>", line 995, in exec_module
  File "<frozen importlib._bootstrap>", line 488, in _call_with_frames_removed
  File "/opt/airflow/dags/flight-pipeline.py", line 20, in <module>
    with DAD(
         ^^^
NameError: name 'DAD' is not defined. Did you mean: 'DAG'?
[2026-05-27T00:52:00.543+0000] {processor.py:842} WARNING - No viable dags retrieved from /opt/airflow/dags/flight-pipeline.py
[2026-05-27T00:52:00.564+0000] {processor.py:183} INFO - Processing /opt/airflow/dags/flight-pipeline.py took 0.066 seconds
[2026-05-27T00:52:30.717+0000] {processor.py:161} INFO - Started process (PID=38) to work on /opt/airflow/dags/flight-pipeline.py
[2026-05-27T00:52:30.718+0000] {processor.py:830} INFO - Processing file /opt/airflow/dags/flight-pipeline.py for tasks to queue
[2026-05-27T00:52:30.722+0000] {logging_mixin.py:188} INFO - [2026-05-27T00:52:30.721+0000] {dagbag.py:545} INFO - Filling up the DagBag from /opt/airflow/dags/flight-pipeline.py
[2026-05-27T00:52:30.751+0000] {logging_mixin.py:188} INFO - [2026-05-27T00:52:30.747+0000] {dagbag.py:355} ERROR - Failed to import: /opt/airflow/dags/flight-pipeline.py
Traceback (most recent call last):
  File "/home/airflow/.local/lib/python3.12/site-packages/airflow/models/dagbag.py", line 351, in parse
    loader.exec_module(new_module)
  File "<frozen importlib._bootstrap_external>", line 995, in exec_module
  File "<frozen importlib._bootstrap>", line 488, in _call_with_frames_removed
  File "/opt/airflow/dags/flight-pipeline.py", line 20, in <module>
    with DAD(
         ^^^
NameError: name 'DAD' is not defined. Did you mean: 'DAG'?
[2026-05-27T00:52:30.752+0000] {processor.py:842} WARNING - No viable dags retrieved from /opt/airflow/dags/flight-pipeline.py
[2026-05-27T00:52:30.774+0000] {processor.py:183} INFO - Processing /opt/airflow/dags/flight-pipeline.py took 0.062 seconds
[2026-05-27T00:52:45.808+0000] {processor.py:161} INFO - Started process (PID=39) to work on /opt/airflow/dags/flight-pipeline.py
[2026-05-27T00:52:45.809+0000] {processor.py:830} INFO - Processing file /opt/airflow/dags/flight-pipeline.py for tasks to queue
[2026-05-27T00:52:45.812+0000] {logging_mixin.py:188} INFO - [2026-05-27T00:52:45.811+0000] {dagbag.py:545} INFO - Filling up the DagBag from /opt/airflow/dags/flight-pipeline.py
[2026-05-27T00:52:45.860+0000] {logging_mixin.py:188} INFO - [2026-05-27T00:52:45.852+0000] {dagbag.py:355} ERROR - Failed to import: /opt/airflow/dags/flight-pipeline.py
Traceback (most recent call last):
  File "/home/airflow/.local/lib/python3.12/site-packages/airflow/models/dagbag.py", line 351, in parse
    loader.exec_module(new_module)
  File "<frozen importlib._bootstrap_external>", line 995, in exec_module
  File "<frozen importlib._bootstrap>", line 488, in _call_with_frames_removed
  File "/opt/airflow/dags/flight-pipeline.py", line 20, in <module>
    with DAD(
         ^^^
NameError: name 'DAD' is not defined. Did you mean: 'DAG'?
[2026-05-27T00:52:45.863+0000] {processor.py:842} WARNING - No viable dags retrieved from /opt/airflow/dags/flight-pipeline.py
[2026-05-27T00:52:45.894+0000] {processor.py:183} INFO - Processing /opt/airflow/dags/flight-pipeline.py took 0.093 seconds
[2026-05-27T00:52:46.876+0000] {processor.py:161} INFO - Started process (PID=40) to work on /opt/airflow/dags/flight-pipeline.py
[2026-05-27T00:52:46.877+0000] {processor.py:830} INFO - Processing file /opt/airflow/dags/flight-pipeline.py for tasks to queue
[2026-05-27T00:52:46.879+0000] {logging_mixin.py:188} INFO - [2026-05-27T00:52:46.878+0000] {dagbag.py:545} INFO - Filling up the DagBag from /opt/airflow/dags/flight-pipeline.py
[2026-05-27T00:52:46.913+0000] {logging_mixin.py:188} INFO - [2026-05-27T00:52:46.908+0000] {dagbag.py:355} ERROR - Failed to import: /opt/airflow/dags/flight-pipeline.py
Traceback (most recent call last):
  File "/home/airflow/.local/lib/python3.12/site-packages/airflow/models/dagbag.py", line 351, in parse
    loader.exec_module(new_module)
  File "<frozen importlib._bootstrap_external>", line 995, in exec_module
  File "<frozen importlib._bootstrap>", line 488, in _call_with_frames_removed
  File "/opt/airflow/dags/flight-pipeline.py", line 20, in <module>
    with DAD(
         ^^^
NameError: name 'DAD' is not defined. Did you mean: 'DAG'?
[2026-05-27T00:52:46.915+0000] {processor.py:842} WARNING - No viable dags retrieved from /opt/airflow/dags/flight-pipeline.py
[2026-05-27T00:52:46.936+0000] {processor.py:183} INFO - Processing /opt/airflow/dags/flight-pipeline.py took 0.066 seconds
[2026-05-27T00:53:09.052+0000] {processor.py:161} INFO - Started process (PID=41) to work on /opt/airflow/dags/flight-pipeline.py
[2026-05-27T00:53:09.054+0000] {processor.py:830} INFO - Processing file /opt/airflow/dags/flight-pipeline.py for tasks to queue
[2026-05-27T00:53:09.056+0000] {logging_mixin.py:188} INFO - [2026-05-27T00:53:09.056+0000] {dagbag.py:545} INFO - Filling up the DagBag from /opt/airflow/dags/flight-pipeline.py
[2026-05-27T00:53:09.199+0000] {processor.py:840} INFO - DAG(s) 'flights_ops_medallion_pipe' retrieved from /opt/airflow/dags/flight-pipeline.py
[2026-05-27T00:53:09.763+0000] {logging_mixin.py:188} INFO - [2026-05-27T00:53:09.762+0000] {override.py:1858} INFO - Created Permission View: can delete on DAG:flights_ops_medallion_pipe
[2026-05-27T00:53:09.776+0000] {logging_mixin.py:188} INFO - [2026-05-27T00:53:09.775+0000] {override.py:1858} INFO - Created Permission View: can edit on DAG:flights_ops_medallion_pipe
[2026-05-27T00:53:09.782+0000] {logging_mixin.py:188} INFO - [2026-05-27T00:53:09.782+0000] {override.py:1858} INFO - Created Permission View: can read on DAG:flights_ops_medallion_pipe
[2026-05-27T00:53:09.783+0000] {logging_mixin.py:188} INFO - [2026-05-27T00:53:09.783+0000] {dag.py:3089} INFO - Sync 1 DAGs
[2026-05-27T00:53:09.799+0000] {logging_mixin.py:188} INFO - [2026-05-27T00:53:09.799+0000] {dag.py:3111} INFO - Creating ORM DAG for flights_ops_medallion_pipe
[2026-05-27T00:53:09.821+0000] {logging_mixin.py:188} INFO - [2026-05-27T00:53:09.821+0000] {dag.py:3947} INFO - Setting next_dagrun for flights_ops_medallion_pipe to 2026-05-27 00:00:00+00:00, run_after=2026-05-27 00:30:00+00:00
[2026-05-27T00:53:09.854+0000] {processor.py:183} INFO - Processing /opt/airflow/dags/flight-pipeline.py took 0.809 seconds
[2026-05-27T00:53:40.097+0000] {processor.py:161} INFO - Started process (PID=68) to work on /opt/airflow/dags/flight-pipeline.py
[2026-05-27T00:53:40.098+0000] {processor.py:830} INFO - Processing file /opt/airflow/dags/flight-pipeline.py for tasks to queue
[2026-05-27T00:53:40.101+0000] {logging_mixin.py:188} INFO - [2026-05-27T00:53:40.100+0000] {dagbag.py:545} INFO - Filling up the DagBag from /opt/airflow/dags/flight-pipeline.py
[2026-05-27T00:53:40.150+0000] {processor.py:840} INFO - DAG(s) 'flights_ops_medallion_pipe' retrieved from /opt/airflow/dags/flight-pipeline.py
[2026-05-27T00:53:40.185+0000] {logging_mixin.py:188} INFO - [2026-05-27T00:53:40.185+0000] {dag.py:3089} INFO - Sync 1 DAGs
[2026-05-27T00:53:40.213+0000] {logging_mixin.py:188} INFO - [2026-05-27T00:53:40.213+0000] {dag.py:3947} INFO - Setting next_dagrun for flights_ops_medallion_pipe to 2026-05-27 00:30:00+00:00, run_after=2026-05-27 01:00:00+00:00
[2026-05-27T00:53:40.234+0000] {processor.py:183} INFO - Processing /opt/airflow/dags/flight-pipeline.py took 0.145 seconds
[2026-05-27T00:54:10.344+0000] {processor.py:161} INFO - Started process (PID=69) to work on /opt/airflow/dags/flight-pipeline.py
[2026-05-27T00:54:10.345+0000] {processor.py:830} INFO - Processing file /opt/airflow/dags/flight-pipeline.py for tasks to queue
[2026-05-27T00:54:10.346+0000] {logging_mixin.py:188} INFO - [2026-05-27T00:54:10.346+0000] {dagbag.py:545} INFO - Filling up the DagBag from /opt/airflow/dags/flight-pipeline.py
[2026-05-27T00:54:10.380+0000] {processor.py:840} INFO - DAG(s) 'flights_ops_medallion_pipe' retrieved from /opt/airflow/dags/flight-pipeline.py
[2026-05-27T00:54:10.410+0000] {logging_mixin.py:188} INFO - [2026-05-27T00:54:10.410+0000] {dag.py:3089} INFO - Sync 1 DAGs
[2026-05-27T00:54:10.437+0000] {logging_mixin.py:188} INFO - [2026-05-27T00:54:10.436+0000] {dag.py:3947} INFO - Setting next_dagrun for flights_ops_medallion_pipe to 2026-05-27 00:30:00+00:00, run_after=2026-05-27 01:00:00+00:00
[2026-05-27T00:54:10.457+0000] {processor.py:183} INFO - Processing /opt/airflow/dags/flight-pipeline.py took 0.122 seconds
[2026-05-27T00:54:40.540+0000] {processor.py:161} INFO - Started process (PID=70) to work on /opt/airflow/dags/flight-pipeline.py
[2026-05-27T00:54:40.541+0000] {processor.py:830} INFO - Processing file /opt/airflow/dags/flight-pipeline.py for tasks to queue
[2026-05-27T00:54:40.544+0000] {logging_mixin.py:188} INFO - [2026-05-27T00:54:40.544+0000] {dagbag.py:545} INFO - Filling up the DagBag from /opt/airflow/dags/flight-pipeline.py
[2026-05-27T00:54:40.583+0000] {processor.py:840} INFO - DAG(s) 'flights_ops_medallion_pipe' retrieved from /opt/airflow/dags/flight-pipeline.py
[2026-05-27T00:54:40.617+0000] {logging_mixin.py:188} INFO - [2026-05-27T00:54:40.617+0000] {dag.py:3089} INFO - Sync 1 DAGs
[2026-05-27T00:54:40.645+0000] {logging_mixin.py:188} INFO - [2026-05-27T00:54:40.645+0000] {dag.py:3947} INFO - Setting next_dagrun for flights_ops_medallion_pipe to 2026-05-27 00:30:00+00:00, run_after=2026-05-27 01:00:00+00:00
[2026-05-27T00:54:40.671+0000] {processor.py:183} INFO - Processing /opt/airflow/dags/flight-pipeline.py took 0.139 seconds
[2026-05-27T00:55:10.810+0000] {processor.py:161} INFO - Started process (PID=84) to work on /opt/airflow/dags/flight-pipeline.py
[2026-05-27T00:55:10.812+0000] {processor.py:830} INFO - Processing file /opt/airflow/dags/flight-pipeline.py for tasks to queue
[2026-05-27T00:55:10.814+0000] {logging_mixin.py:188} INFO - [2026-05-27T00:55:10.813+0000] {dagbag.py:545} INFO - Filling up the DagBag from /opt/airflow/dags/flight-pipeline.py
[2026-05-27T00:55:10.857+0000] {processor.py:840} INFO - DAG(s) 'flights_ops_medallion_pipe' retrieved from /opt/airflow/dags/flight-pipeline.py
[2026-05-27T00:55:10.895+0000] {logging_mixin.py:188} INFO - [2026-05-27T00:55:10.894+0000] {dag.py:3089} INFO - Sync 1 DAGs
[2026-05-27T00:55:10.923+0000] {logging_mixin.py:188} INFO - [2026-05-27T00:55:10.923+0000] {dag.py:3947} INFO - Setting next_dagrun for flights_ops_medallion_pipe to 2026-05-27 00:30:00+00:00, run_after=2026-05-27 01:00:00+00:00
[2026-05-27T00:55:10.945+0000] {processor.py:183} INFO - Processing /opt/airflow/dags/flight-pipeline.py took 0.141 seconds
[2026-05-27T00:55:40.988+0000] {processor.py:161} INFO - Started process (PID=85) to work on /opt/airflow/dags/flight-pipeline.py
[2026-05-27T00:55:40.989+0000] {processor.py:830} INFO - Processing file /opt/airflow/dags/flight-pipeline.py for tasks to queue
[2026-05-27T00:55:40.991+0000] {logging_mixin.py:188} INFO - [2026-05-27T00:55:40.990+0000] {dagbag.py:545} INFO - Filling up the DagBag from /opt/airflow/dags/flight-pipeline.py
[2026-05-27T00:55:41.027+0000] {processor.py:840} INFO - DAG(s) 'flights_ops_medallion_pipe' retrieved from /opt/airflow/dags/flight-pipeline.py
[2026-05-27T00:55:41.074+0000] {logging_mixin.py:188} INFO - [2026-05-27T00:55:41.073+0000] {dag.py:3089} INFO - Sync 1 DAGs
[2026-05-27T00:55:41.100+0000] {logging_mixin.py:188} INFO - [2026-05-27T00:55:41.099+0000] {dag.py:3947} INFO - Setting next_dagrun for flights_ops_medallion_pipe to 2026-05-27 00:30:00+00:00, run_after=2026-05-27 01:00:00+00:00
[2026-05-27T00:55:41.121+0000] {processor.py:183} INFO - Processing /opt/airflow/dags/flight-pipeline.py took 0.138 seconds
[2026-05-27T00:56:11.246+0000] {processor.py:161} INFO - Started process (PID=86) to work on /opt/airflow/dags/flight-pipeline.py
[2026-05-27T00:56:11.247+0000] {processor.py:830} INFO - Processing file /opt/airflow/dags/flight-pipeline.py for tasks to queue
[2026-05-27T00:56:11.249+0000] {logging_mixin.py:188} INFO - [2026-05-27T00:56:11.248+0000] {dagbag.py:545} INFO - Filling up the DagBag from /opt/airflow/dags/flight-pipeline.py
[2026-05-27T00:56:11.284+0000] {processor.py:840} INFO - DAG(s) 'flights_ops_medallion_pipe' retrieved from /opt/airflow/dags/flight-pipeline.py
[2026-05-27T00:56:11.314+0000] {logging_mixin.py:188} INFO - [2026-05-27T00:56:11.314+0000] {dag.py:3089} INFO - Sync 1 DAGs
[2026-05-27T00:56:11.338+0000] {logging_mixin.py:188} INFO - [2026-05-27T00:56:11.337+0000] {dag.py:3947} INFO - Setting next_dagrun for flights_ops_medallion_pipe to 2026-05-27 00:30:00+00:00, run_after=2026-05-27 01:00:00+00:00
[2026-05-27T00:56:11.358+0000] {processor.py:183} INFO - Processing /opt/airflow/dags/flight-pipeline.py took 0.118 seconds
[2026-05-27T00:56:41.411+0000] {processor.py:161} INFO - Started process (PID=87) to work on /opt/airflow/dags/flight-pipeline.py
[2026-05-27T00:56:41.412+0000] {processor.py:830} INFO - Processing file /opt/airflow/dags/flight-pipeline.py for tasks to queue
[2026-05-27T00:56:41.413+0000] {logging_mixin.py:188} INFO - [2026-05-27T00:56:41.413+0000] {dagbag.py:545} INFO - Filling up the DagBag from /opt/airflow/dags/flight-pipeline.py
[2026-05-27T00:56:41.447+0000] {processor.py:840} INFO - DAG(s) 'flights_ops_medallion_pipe' retrieved from /opt/airflow/dags/flight-pipeline.py
[2026-05-27T00:56:41.477+0000] {logging_mixin.py:188} INFO - [2026-05-27T00:56:41.477+0000] {dag.py:3089} INFO - Sync 1 DAGs
[2026-05-27T00:56:41.504+0000] {logging_mixin.py:188} INFO - [2026-05-27T00:56:41.503+0000] {dag.py:3947} INFO - Setting next_dagrun for flights_ops_medallion_pipe to 2026-05-27 00:30:00+00:00, run_after=2026-05-27 01:00:00+00:00
[2026-05-27T00:56:41.526+0000] {processor.py:183} INFO - Processing /opt/airflow/dags/flight-pipeline.py took 0.122 seconds
[2026-05-27T00:57:11.674+0000] {processor.py:161} INFO - Started process (PID=88) to work on /opt/airflow/dags/flight-pipeline.py
[2026-05-27T00:57:11.677+0000] {processor.py:830} INFO - Processing file /opt/airflow/dags/flight-pipeline.py for tasks to queue
[2026-05-27T00:57:11.683+0000] {logging_mixin.py:188} INFO - [2026-05-27T00:57:11.681+0000] {dagbag.py:545} INFO - Filling up the DagBag from /opt/airflow/dags/flight-pipeline.py
[2026-05-27T00:57:11.743+0000] {processor.py:840} INFO - DAG(s) 'flights_ops_medallion_pipe' retrieved from /opt/airflow/dags/flight-pipeline.py
[2026-05-27T00:57:11.775+0000] {logging_mixin.py:188} INFO - [2026-05-27T00:57:11.775+0000] {dag.py:3089} INFO - Sync 1 DAGs
[2026-05-27T00:57:11.803+0000] {logging_mixin.py:188} INFO - [2026-05-27T00:57:11.803+0000] {dag.py:3947} INFO - Setting next_dagrun for flights_ops_medallion_pipe to 2026-05-27 00:30:00+00:00, run_after=2026-05-27 01:00:00+00:00
[2026-05-27T00:57:11.829+0000] {processor.py:183} INFO - Processing /opt/airflow/dags/flight-pipeline.py took 0.163 seconds
[2026-05-27T00:57:41.988+0000] {processor.py:161} INFO - Started process (PID=89) to work on /opt/airflow/dags/flight-pipeline.py
[2026-05-27T00:57:41.989+0000] {processor.py:830} INFO - Processing file /opt/airflow/dags/flight-pipeline.py for tasks to queue
[2026-05-27T00:57:41.991+0000] {logging_mixin.py:188} INFO - [2026-05-27T00:57:41.990+0000] {dagbag.py:545} INFO - Filling up the DagBag from /opt/airflow/dags/flight-pipeline.py
[2026-05-27T00:57:42.045+0000] {processor.py:840} INFO - DAG(s) 'flights_ops_medallion_pipe' retrieved from /opt/airflow/dags/flight-pipeline.py
[2026-05-27T00:57:42.081+0000] {logging_mixin.py:188} INFO - [2026-05-27T00:57:42.081+0000] {dag.py:3089} INFO - Sync 1 DAGs
[2026-05-27T00:57:42.105+0000] {logging_mixin.py:188} INFO - [2026-05-27T00:57:42.105+0000] {dag.py:3947} INFO - Setting next_dagrun for flights_ops_medallion_pipe to 2026-05-27 00:30:00+00:00, run_after=2026-05-27 01:00:00+00:00
[2026-05-27T00:57:42.128+0000] {processor.py:183} INFO - Processing /opt/airflow/dags/flight-pipeline.py took 0.146 seconds
[2026-05-27T00:58:12.293+0000] {processor.py:161} INFO - Started process (PID=90) to work on /opt/airflow/dags/flight-pipeline.py
[2026-05-27T00:58:12.294+0000] {processor.py:830} INFO - Processing file /opt/airflow/dags/flight-pipeline.py for tasks to queue
[2026-05-27T00:58:12.295+0000] {logging_mixin.py:188} INFO - [2026-05-27T00:58:12.295+0000] {dagbag.py:545} INFO - Filling up the DagBag from /opt/airflow/dags/flight-pipeline.py
[2026-05-27T00:58:12.327+0000] {processor.py:840} INFO - DAG(s) 'flights_ops_medallion_pipe' retrieved from /opt/airflow/dags/flight-pipeline.py
[2026-05-27T00:58:12.358+0000] {logging_mixin.py:188} INFO - [2026-05-27T00:58:12.358+0000] {dag.py:3089} INFO - Sync 1 DAGs
[2026-05-27T00:58:12.381+0000] {logging_mixin.py:188} INFO - [2026-05-27T00:58:12.381+0000] {dag.py:3947} INFO - Setting next_dagrun for flights_ops_medallion_pipe to 2026-05-27 00:30:00+00:00, run_after=2026-05-27 01:00:00+00:00
[2026-05-27T00:58:12.403+0000] {processor.py:183} INFO - Processing /opt/airflow/dags/flight-pipeline.py took 0.115 seconds
[2026-05-27T00:58:42.507+0000] {processor.py:161} INFO - Started process (PID=91) to work on /opt/airflow/dags/flight-pipeline.py
[2026-05-27T00:58:42.508+0000] {processor.py:830} INFO - Processing file /opt/airflow/dags/flight-pipeline.py for tasks to queue
[2026-05-27T00:58:42.510+0000] {logging_mixin.py:188} INFO - [2026-05-27T00:58:42.509+0000] {dagbag.py:545} INFO - Filling up the DagBag from /opt/airflow/dags/flight-pipeline.py
[2026-05-27T00:58:42.545+0000] {processor.py:840} INFO - DAG(s) 'flights_ops_medallion_pipe' retrieved from /opt/airflow/dags/flight-pipeline.py
[2026-05-27T00:58:42.577+0000] {logging_mixin.py:188} INFO - [2026-05-27T00:58:42.577+0000] {dag.py:3089} INFO - Sync 1 DAGs
[2026-05-27T00:58:42.603+0000] {logging_mixin.py:188} INFO - [2026-05-27T00:58:42.603+0000] {dag.py:3947} INFO - Setting next_dagrun for flights_ops_medallion_pipe to 2026-05-27 00:30:00+00:00, run_after=2026-05-27 01:00:00+00:00
[2026-05-27T00:58:42.624+0000] {processor.py:183} INFO - Processing /opt/airflow/dags/flight-pipeline.py took 0.123 seconds
[2026-05-27T00:59:12.721+0000] {processor.py:161} INFO - Started process (PID=92) to work on /opt/airflow/dags/flight-pipeline.py
[2026-05-27T00:59:12.722+0000] {processor.py:830} INFO - Processing file /opt/airflow/dags/flight-pipeline.py for tasks to queue
[2026-05-27T00:59:12.724+0000] {logging_mixin.py:188} INFO - [2026-05-27T00:59:12.724+0000] {dagbag.py:545} INFO - Filling up the DagBag from /opt/airflow/dags/flight-pipeline.py
[2026-05-27T00:59:12.758+0000] {processor.py:840} INFO - DAG(s) 'flights_ops_medallion_pipe' retrieved from /opt/airflow/dags/flight-pipeline.py
[2026-05-27T00:59:12.788+0000] {logging_mixin.py:188} INFO - [2026-05-27T00:59:12.787+0000] {dag.py:3089} INFO - Sync 1 DAGs
[2026-05-27T00:59:12.810+0000] {logging_mixin.py:188} INFO - [2026-05-27T00:59:12.810+0000] {dag.py:3947} INFO - Setting next_dagrun for flights_ops_medallion_pipe to 2026-05-27 00:30:00+00:00, run_after=2026-05-27 01:00:00+00:00
[2026-05-27T00:59:12.832+0000] {processor.py:183} INFO - Processing /opt/airflow/dags/flight-pipeline.py took 0.117 seconds
[2026-05-27T00:59:42.943+0000] {processor.py:161} INFO - Started process (PID=93) to work on /opt/airflow/dags/flight-pipeline.py
[2026-05-27T00:59:42.944+0000] {processor.py:830} INFO - Processing file /opt/airflow/dags/flight-pipeline.py for tasks to queue
[2026-05-27T00:59:42.946+0000] {logging_mixin.py:188} INFO - [2026-05-27T00:59:42.946+0000] {dagbag.py:545} INFO - Filling up the DagBag from /opt/airflow/dags/flight-pipeline.py
[2026-05-27T00:59:42.980+0000] {processor.py:840} INFO - DAG(s) 'flights_ops_medallion_pipe' retrieved from /opt/airflow/dags/flight-pipeline.py
[2026-05-27T00:59:43.010+0000] {logging_mixin.py:188} INFO - [2026-05-27T00:59:43.010+0000] {dag.py:3089} INFO - Sync 1 DAGs
[2026-05-27T00:59:43.041+0000] {logging_mixin.py:188} INFO - [2026-05-27T00:59:43.041+0000] {dag.py:3947} INFO - Setting next_dagrun for flights_ops_medallion_pipe to 2026-05-27 00:30:00+00:00, run_after=2026-05-27 01:00:00+00:00
[2026-05-27T00:59:43.069+0000] {processor.py:183} INFO - Processing /opt/airflow/dags/flight-pipeline.py took 0.131 seconds
[2026-05-27T01:00:13.206+0000] {processor.py:161} INFO - Started process (PID=107) to work on /opt/airflow/dags/flight-pipeline.py
[2026-05-27T01:00:13.207+0000] {processor.py:830} INFO - Processing file /opt/airflow/dags/flight-pipeline.py for tasks to queue
[2026-05-27T01:00:13.209+0000] {logging_mixin.py:188} INFO - [2026-05-27T01:00:13.209+0000] {dagbag.py:545} INFO - Filling up the DagBag from /opt/airflow/dags/flight-pipeline.py
[2026-05-27T01:00:13.243+0000] {processor.py:840} INFO - DAG(s) 'flights_ops_medallion_pipe' retrieved from /opt/airflow/dags/flight-pipeline.py
[2026-05-27T01:00:13.273+0000] {logging_mixin.py:188} INFO - [2026-05-27T01:00:13.273+0000] {dag.py:3089} INFO - Sync 1 DAGs
[2026-05-27T01:00:13.300+0000] {logging_mixin.py:188} INFO - [2026-05-27T01:00:13.300+0000] {dag.py:3947} INFO - Setting next_dagrun for flights_ops_medallion_pipe to 2026-05-27 01:00:00+00:00, run_after=2026-05-27 01:30:00+00:00
[2026-05-27T01:00:13.321+0000] {processor.py:183} INFO - Processing /opt/airflow/dags/flight-pipeline.py took 0.120 seconds
[2026-05-27T01:00:43.397+0000] {processor.py:161} INFO - Started process (PID=108) to work on /opt/airflow/dags/flight-pipeline.py
[2026-05-27T01:00:43.398+0000] {processor.py:830} INFO - Processing file /opt/airflow/dags/flight-pipeline.py for tasks to queue
[2026-05-27T01:00:43.400+0000] {logging_mixin.py:188} INFO - [2026-05-27T01:00:43.400+0000] {dagbag.py:545} INFO - Filling up the DagBag from /opt/airflow/dags/flight-pipeline.py
[2026-05-27T01:00:43.432+0000] {processor.py:840} INFO - DAG(s) 'flights_ops_medallion_pipe' retrieved from /opt/airflow/dags/flight-pipeline.py
[2026-05-27T01:00:43.462+0000] {logging_mixin.py:188} INFO - [2026-05-27T01:00:43.462+0000] {dag.py:3089} INFO - Sync 1 DAGs
[2026-05-27T01:00:43.488+0000] {logging_mixin.py:188} INFO - [2026-05-27T01:00:43.488+0000] {dag.py:3947} INFO - Setting next_dagrun for flights_ops_medallion_pipe to 2026-05-27 01:00:00+00:00, run_after=2026-05-27 01:30:00+00:00
[2026-05-27T01:00:43.522+0000] {processor.py:183} INFO - Processing /opt/airflow/dags/flight-pipeline.py took 0.130 seconds
[2026-05-27T01:01:13.626+0000] {processor.py:161} INFO - Started process (PID=109) to work on /opt/airflow/dags/flight-pipeline.py
[2026-05-27T01:01:13.627+0000] {processor.py:830} INFO - Processing file /opt/airflow/dags/flight-pipeline.py for tasks to queue
[2026-05-27T01:01:13.629+0000] {logging_mixin.py:188} INFO - [2026-05-27T01:01:13.629+0000] {dagbag.py:545} INFO - Filling up the DagBag from /opt/airflow/dags/flight-pipeline.py
[2026-05-27T01:01:13.660+0000] {processor.py:840} INFO - DAG(s) 'flights_ops_medallion_pipe' retrieved from /opt/airflow/dags/flight-pipeline.py
[2026-05-27T01:01:13.689+0000] {logging_mixin.py:188} INFO - [2026-05-27T01:01:13.689+0000] {dag.py:3089} INFO - Sync 1 DAGs
[2026-05-27T01:01:13.713+0000] {logging_mixin.py:188} INFO - [2026-05-27T01:01:13.713+0000] {dag.py:3947} INFO - Setting next_dagrun for flights_ops_medallion_pipe to 2026-05-27 01:00:00+00:00, run_after=2026-05-27 01:30:00+00:00
[2026-05-27T01:01:13.733+0000] {processor.py:183} INFO - Processing /opt/airflow/dags/flight-pipeline.py took 0.112 seconds
[2026-05-27T01:01:43.838+0000] {processor.py:161} INFO - Started process (PID=110) to work on /opt/airflow/dags/flight-pipeline.py
[2026-05-27T01:01:43.839+0000] {processor.py:830} INFO - Processing file /opt/airflow/dags/flight-pipeline.py for tasks to queue
[2026-05-27T01:01:43.841+0000] {logging_mixin.py:188} INFO - [2026-05-27T01:01:43.840+0000] {dagbag.py:545} INFO - Filling up the DagBag from /opt/airflow/dags/flight-pipeline.py
[2026-05-27T01:01:43.887+0000] {processor.py:840} INFO - DAG(s) 'flights_ops_medallion_pipe' retrieved from /opt/airflow/dags/flight-pipeline.py
[2026-05-27T01:01:43.928+0000] {logging_mixin.py:188} INFO - [2026-05-27T01:01:43.927+0000] {dag.py:3089} INFO - Sync 1 DAGs
[2026-05-27T01:01:43.963+0000] {logging_mixin.py:188} INFO - [2026-05-27T01:01:43.963+0000] {dag.py:3947} INFO - Setting next_dagrun for flights_ops_medallion_pipe to 2026-05-27 01:00:00+00:00, run_after=2026-05-27 01:30:00+00:00
[2026-05-27T01:01:43.990+0000] {processor.py:183} INFO - Processing /opt/airflow/dags/flight-pipeline.py took 0.160 seconds
[2026-05-27T01:02:14.063+0000] {processor.py:161} INFO - Started process (PID=111) to work on /opt/airflow/dags/flight-pipeline.py
[2026-05-27T01:02:14.064+0000] {processor.py:830} INFO - Processing file /opt/airflow/dags/flight-pipeline.py for tasks to queue
[2026-05-27T01:02:14.066+0000] {logging_mixin.py:188} INFO - [2026-05-27T01:02:14.066+0000] {dagbag.py:545} INFO - Filling up the DagBag from /opt/airflow/dags/flight-pipeline.py
[2026-05-27T01:02:14.108+0000] {processor.py:840} INFO - DAG(s) 'flights_ops_medallion_pipe' retrieved from /opt/airflow/dags/flight-pipeline.py
[2026-05-27T01:02:14.141+0000] {logging_mixin.py:188} INFO - [2026-05-27T01:02:14.141+0000] {dag.py:3089} INFO - Sync 1 DAGs
[2026-05-27T01:02:14.170+0000] {logging_mixin.py:188} INFO - [2026-05-27T01:02:14.169+0000] {dag.py:3947} INFO - Setting next_dagrun for flights_ops_medallion_pipe to 2026-05-27 01:00:00+00:00, run_after=2026-05-27 01:30:00+00:00
[2026-05-27T01:02:14.192+0000] {processor.py:183} INFO - Processing /opt/airflow/dags/flight-pipeline.py took 0.136 seconds
[2026-05-27T01:02:44.345+0000] {processor.py:161} INFO - Started process (PID=112) to work on /opt/airflow/dags/flight-pipeline.py
[2026-05-27T01:02:44.346+0000] {processor.py:830} INFO - Processing file /opt/airflow/dags/flight-pipeline.py for tasks to queue
[2026-05-27T01:02:44.349+0000] {logging_mixin.py:188} INFO - [2026-05-27T01:02:44.348+0000] {dagbag.py:545} INFO - Filling up the DagBag from /opt/airflow/dags/flight-pipeline.py
[2026-05-27T01:02:44.391+0000] {processor.py:840} INFO - DAG(s) 'flights_ops_medallion_pipe' retrieved from /opt/airflow/dags/flight-pipeline.py
[2026-05-27T01:02:44.427+0000] {logging_mixin.py:188} INFO - [2026-05-27T01:02:44.427+0000] {dag.py:3089} INFO - Sync 1 DAGs
[2026-05-27T01:02:44.457+0000] {logging_mixin.py:188} INFO - [2026-05-27T01:02:44.457+0000] {dag.py:3947} INFO - Setting next_dagrun for flights_ops_medallion_pipe to 2026-05-27 01:00:00+00:00, run_after=2026-05-27 01:30:00+00:00
[2026-05-27T01:02:44.488+0000] {processor.py:183} INFO - Processing /opt/airflow/dags/flight-pipeline.py took 0.150 seconds
[2026-05-27T01:03:14.661+0000] {processor.py:161} INFO - Started process (PID=113) to work on /opt/airflow/dags/flight-pipeline.py
[2026-05-27T01:03:14.662+0000] {processor.py:830} INFO - Processing file /opt/airflow/dags/flight-pipeline.py for tasks to queue
[2026-05-27T01:03:14.667+0000] {logging_mixin.py:188} INFO - [2026-05-27T01:03:14.666+0000] {dagbag.py:545} INFO - Filling up the DagBag from /opt/airflow/dags/flight-pipeline.py
[2026-05-27T01:03:14.705+0000] {processor.py:840} INFO - DAG(s) 'flights_ops_medallion_pipe' retrieved from /opt/airflow/dags/flight-pipeline.py
[2026-05-27T01:03:14.736+0000] {logging_mixin.py:188} INFO - [2026-05-27T01:03:14.735+0000] {dag.py:3089} INFO - Sync 1 DAGs
[2026-05-27T01:03:14.784+0000] {logging_mixin.py:188} INFO - [2026-05-27T01:03:14.783+0000] {dag.py:3947} INFO - Setting next_dagrun for flights_ops_medallion_pipe to 2026-05-27 01:00:00+00:00, run_after=2026-05-27 01:30:00+00:00
[2026-05-27T01:03:14.820+0000] {processor.py:183} INFO - Processing /opt/airflow/dags/flight-pipeline.py took 0.168 seconds
[2026-05-27T01:03:45.052+0000] {processor.py:161} INFO - Started process (PID=114) to work on /opt/airflow/dags/flight-pipeline.py
[2026-05-27T01:03:45.053+0000] {processor.py:830} INFO - Processing file /opt/airflow/dags/flight-pipeline.py for tasks to queue
[2026-05-27T01:03:45.056+0000] {logging_mixin.py:188} INFO - [2026-05-27T01:03:45.055+0000] {dagbag.py:545} INFO - Filling up the DagBag from /opt/airflow/dags/flight-pipeline.py
[2026-05-27T01:03:45.116+0000] {processor.py:840} INFO - DAG(s) 'flights_ops_medallion_pipe' retrieved from /opt/airflow/dags/flight-pipeline.py
[2026-05-27T01:03:45.190+0000] {logging_mixin.py:188} INFO - [2026-05-27T01:03:45.187+0000] {dag.py:3089} INFO - Sync 1 DAGs
[2026-05-27T01:03:45.230+0000] {logging_mixin.py:188} INFO - [2026-05-27T01:03:45.230+0000] {dag.py:3947} INFO - Setting next_dagrun for flights_ops_medallion_pipe to 2026-05-27 01:00:00+00:00, run_after=2026-05-27 01:30:00+00:00
[2026-05-27T01:03:45.252+0000] {processor.py:183} INFO - Processing /opt/airflow/dags/flight-pipeline.py took 0.212 seconds
[2026-05-27T01:04:15.428+0000] {processor.py:161} INFO - Started process (PID=115) to work on /opt/airflow/dags/flight-pipeline.py
[2026-05-27T01:04:15.429+0000] {processor.py:830} INFO - Processing file /opt/airflow/dags/flight-pipeline.py for tasks to queue
[2026-05-27T01:04:15.431+0000] {logging_mixin.py:188} INFO - [2026-05-27T01:04:15.430+0000] {dagbag.py:545} INFO - Filling up the DagBag from /opt/airflow/dags/flight-pipeline.py
[2026-05-27T01:04:15.462+0000] {processor.py:840} INFO - DAG(s) 'flights_ops_medallion_pipe' retrieved from /opt/airflow/dags/flight-pipeline.py
[2026-05-27T01:04:15.496+0000] {logging_mixin.py:188} INFO - [2026-05-27T01:04:15.496+0000] {dag.py:3089} INFO - Sync 1 DAGs
[2026-05-27T01:04:15.521+0000] {logging_mixin.py:188} INFO - [2026-05-27T01:04:15.521+0000] {dag.py:3947} INFO - Setting next_dagrun for flights_ops_medallion_pipe to 2026-05-27 01:00:00+00:00, run_after=2026-05-27 01:30:00+00:00
[2026-05-27T01:04:15.553+0000] {processor.py:183} INFO - Processing /opt/airflow/dags/flight-pipeline.py took 0.132 seconds
[2026-05-27T01:04:45.708+0000] {processor.py:161} INFO - Started process (PID=116) to work on /opt/airflow/dags/flight-pipeline.py
[2026-05-27T01:04:45.710+0000] {processor.py:830} INFO - Processing file /opt/airflow/dags/flight-pipeline.py for tasks to queue
[2026-05-27T01:04:45.712+0000] {logging_mixin.py:188} INFO - [2026-05-27T01:04:45.711+0000] {dagbag.py:545} INFO - Filling up the DagBag from /opt/airflow/dags/flight-pipeline.py
[2026-05-27T01:04:45.747+0000] {processor.py:840} INFO - DAG(s) 'flights_ops_medallion_pipe' retrieved from /opt/airflow/dags/flight-pipeline.py
[2026-05-27T01:04:45.778+0000] {logging_mixin.py:188} INFO - [2026-05-27T01:04:45.778+0000] {dag.py:3089} INFO - Sync 1 DAGs
[2026-05-27T01:04:45.807+0000] {logging_mixin.py:188} INFO - [2026-05-27T01:04:45.807+0000] {dag.py:3947} INFO - Setting next_dagrun for flights_ops_medallion_pipe to 2026-05-27 01:00:00+00:00, run_after=2026-05-27 01:30:00+00:00
[2026-05-27T01:04:45.832+0000] {processor.py:183} INFO - Processing /opt/airflow/dags/flight-pipeline.py took 0.130 seconds
[2026-05-27T01:05:15.995+0000] {processor.py:161} INFO - Started process (PID=117) to work on /opt/airflow/dags/flight-pipeline.py
[2026-05-27T01:05:15.996+0000] {processor.py:830} INFO - Processing file /opt/airflow/dags/flight-pipeline.py for tasks to queue
[2026-05-27T01:05:15.998+0000] {logging_mixin.py:188} INFO - [2026-05-27T01:05:15.997+0000] {dagbag.py:545} INFO - Filling up the DagBag from /opt/airflow/dags/flight-pipeline.py
[2026-05-27T01:05:16.041+0000] {processor.py:840} INFO - DAG(s) 'flights_ops_medallion_pipe' retrieved from /opt/airflow/dags/flight-pipeline.py
[2026-05-27T01:05:16.072+0000] {logging_mixin.py:188} INFO - [2026-05-27T01:05:16.071+0000] {dag.py:3089} INFO - Sync 1 DAGs
[2026-05-27T01:05:16.098+0000] {logging_mixin.py:188} INFO - [2026-05-27T01:05:16.097+0000] {dag.py:3947} INFO - Setting next_dagrun for flights_ops_medallion_pipe to 2026-05-27 01:00:00+00:00, run_after=2026-05-27 01:30:00+00:00
[2026-05-27T01:05:16.121+0000] {processor.py:183} INFO - Processing /opt/airflow/dags/flight-pipeline.py took 0.132 seconds
[2026-05-27T01:05:46.311+0000] {processor.py:161} INFO - Started process (PID=118) to work on /opt/airflow/dags/flight-pipeline.py
[2026-05-27T01:05:46.313+0000] {processor.py:830} INFO - Processing file /opt/airflow/dags/flight-pipeline.py for tasks to queue
[2026-05-27T01:05:46.315+0000] {logging_mixin.py:188} INFO - [2026-05-27T01:05:46.315+0000] {dagbag.py:545} INFO - Filling up the DagBag from /opt/airflow/dags/flight-pipeline.py
[2026-05-27T01:05:46.363+0000] {processor.py:840} INFO - DAG(s) 'flights_ops_medallion_pipe' retrieved from /opt/airflow/dags/flight-pipeline.py
[2026-05-27T01:05:46.402+0000] {logging_mixin.py:188} INFO - [2026-05-27T01:05:46.401+0000] {dag.py:3089} INFO - Sync 1 DAGs
[2026-05-27T01:05:46.428+0000] {logging_mixin.py:188} INFO - [2026-05-27T01:05:46.428+0000] {dag.py:3947} INFO - Setting next_dagrun for flights_ops_medallion_pipe to 2026-05-27 01:00:00+00:00, run_after=2026-05-27 01:30:00+00:00
[2026-05-27T01:05:46.451+0000] {processor.py:183} INFO - Processing /opt/airflow/dags/flight-pipeline.py took 0.147 seconds
[2026-05-27T01:06:16.608+0000] {processor.py:161} INFO - Started process (PID=119) to work on /opt/airflow/dags/flight-pipeline.py
[2026-05-27T01:06:16.608+0000] {processor.py:830} INFO - Processing file /opt/airflow/dags/flight-pipeline.py for tasks to queue
[2026-05-27T01:06:16.610+0000] {logging_mixin.py:188} INFO - [2026-05-27T01:06:16.610+0000] {dagbag.py:545} INFO - Filling up the DagBag from /opt/airflow/dags/flight-pipeline.py
[2026-05-27T01:06:16.642+0000] {processor.py:840} INFO - DAG(s) 'flights_ops_medallion_pipe' retrieved from /opt/airflow/dags/flight-pipeline.py
[2026-05-27T01:06:16.672+0000] {logging_mixin.py:188} INFO - [2026-05-27T01:06:16.672+0000] {dag.py:3089} INFO - Sync 1 DAGs
[2026-05-27T01:06:16.695+0000] {logging_mixin.py:188} INFO - [2026-05-27T01:06:16.695+0000] {dag.py:3947} INFO - Setting next_dagrun for flights_ops_medallion_pipe to 2026-05-27 01:00:00+00:00, run_after=2026-05-27 01:30:00+00:00
[2026-05-27T01:06:16.714+0000] {processor.py:183} INFO - Processing /opt/airflow/dags/flight-pipeline.py took 0.112 seconds
[2026-05-27T01:06:46.774+0000] {processor.py:161} INFO - Started process (PID=120) to work on /opt/airflow/dags/flight-pipeline.py
[2026-05-27T01:06:46.776+0000] {processor.py:830} INFO - Processing file /opt/airflow/dags/flight-pipeline.py for tasks to queue
[2026-05-27T01:06:46.778+0000] {logging_mixin.py:188} INFO - [2026-05-27T01:06:46.777+0000] {dagbag.py:545} INFO - Filling up the DagBag from /opt/airflow/dags/flight-pipeline.py
[2026-05-27T01:06:46.818+0000] {processor.py:840} INFO - DAG(s) 'flights_ops_medallion_pipe' retrieved from /opt/airflow/dags/flight-pipeline.py
[2026-05-27T01:06:46.850+0000] {logging_mixin.py:188} INFO - [2026-05-27T01:06:46.849+0000] {dag.py:3089} INFO - Sync 1 DAGs
[2026-05-27T01:06:46.879+0000] {logging_mixin.py:188} INFO - [2026-05-27T01:06:46.879+0000] {dag.py:3947} INFO - Setting next_dagrun for flights_ops_medallion_pipe to 2026-05-27 01:00:00+00:00, run_after=2026-05-27 01:30:00+00:00
[2026-05-27T01:06:46.899+0000] {processor.py:183} INFO - Processing /opt/airflow/dags/flight-pipeline.py took 0.133 seconds
[2026-05-27T01:07:17.018+0000] {processor.py:161} INFO - Started process (PID=121) to work on /opt/airflow/dags/flight-pipeline.py
[2026-05-27T01:07:17.019+0000] {processor.py:830} INFO - Processing file /opt/airflow/dags/flight-pipeline.py for tasks to queue
[2026-05-27T01:07:17.021+0000] {logging_mixin.py:188} INFO - [2026-05-27T01:07:17.020+0000] {dagbag.py:545} INFO - Filling up the DagBag from /opt/airflow/dags/flight-pipeline.py
[2026-05-27T01:07:17.054+0000] {processor.py:840} INFO - DAG(s) 'flights_ops_medallion_pipe' retrieved from /opt/airflow/dags/flight-pipeline.py
[2026-05-27T01:07:17.083+0000] {logging_mixin.py:188} INFO - [2026-05-27T01:07:17.082+0000] {dag.py:3089} INFO - Sync 1 DAGs
[2026-05-27T01:07:17.108+0000] {logging_mixin.py:188} INFO - [2026-05-27T01:07:17.107+0000] {dag.py:3947} INFO - Setting next_dagrun for flights_ops_medallion_pipe to 2026-05-27 01:00:00+00:00, run_after=2026-05-27 01:30:00+00:00
[2026-05-27T01:07:17.127+0000] {processor.py:183} INFO - Processing /opt/airflow/dags/flight-pipeline.py took 0.115 seconds
[2026-05-27T01:07:47.201+0000] {processor.py:161} INFO - Started process (PID=122) to work on /opt/airflow/dags/flight-pipeline.py
[2026-05-27T01:07:47.202+0000] {processor.py:830} INFO - Processing file /opt/airflow/dags/flight-pipeline.py for tasks to queue
[2026-05-27T01:07:47.204+0000] {logging_mixin.py:188} INFO - [2026-05-27T01:07:47.204+0000] {dagbag.py:545} INFO - Filling up the DagBag from /opt/airflow/dags/flight-pipeline.py
[2026-05-27T01:07:47.239+0000] {processor.py:840} INFO - DAG(s) 'flights_ops_medallion_pipe' retrieved from /opt/airflow/dags/flight-pipeline.py
[2026-05-27T01:07:47.274+0000] {logging_mixin.py:188} INFO - [2026-05-27T01:07:47.274+0000] {dag.py:3089} INFO - Sync 1 DAGs
[2026-05-27T01:07:47.308+0000] {logging_mixin.py:188} INFO - [2026-05-27T01:07:47.307+0000] {dag.py:3947} INFO - Setting next_dagrun for flights_ops_medallion_pipe to 2026-05-27 01:00:00+00:00, run_after=2026-05-27 01:30:00+00:00
[2026-05-27T01:07:47.338+0000] {processor.py:183} INFO - Processing /opt/airflow/dags/flight-pipeline.py took 0.143 seconds
[2026-05-27T01:08:17.461+0000] {processor.py:161} INFO - Started process (PID=123) to work on /opt/airflow/dags/flight-pipeline.py
[2026-05-27T01:08:17.462+0000] {processor.py:830} INFO - Processing file /opt/airflow/dags/flight-pipeline.py for tasks to queue
[2026-05-27T01:08:17.464+0000] {logging_mixin.py:188} INFO - [2026-05-27T01:08:17.464+0000] {dagbag.py:545} INFO - Filling up the DagBag from /opt/airflow/dags/flight-pipeline.py
[2026-05-27T01:08:17.499+0000] {processor.py:840} INFO - DAG(s) 'flights_ops_medallion_pipe' retrieved from /opt/airflow/dags/flight-pipeline.py
[2026-05-27T01:08:17.527+0000] {logging_mixin.py:188} INFO - [2026-05-27T01:08:17.527+0000] {dag.py:3089} INFO - Sync 1 DAGs
[2026-05-27T01:08:17.550+0000] {logging_mixin.py:188} INFO - [2026-05-27T01:08:17.550+0000] {dag.py:3947} INFO - Setting next_dagrun for flights_ops_medallion_pipe to 2026-05-27 01:00:00+00:00, run_after=2026-05-27 01:30:00+00:00
[2026-05-27T01:08:17.570+0000] {processor.py:183} INFO - Processing /opt/airflow/dags/flight-pipeline.py took 0.115 seconds
[2026-05-27T01:08:47.751+0000] {processor.py:161} INFO - Started process (PID=124) to work on /opt/airflow/dags/flight-pipeline.py
[2026-05-27T01:08:47.752+0000] {processor.py:830} INFO - Processing file /opt/airflow/dags/flight-pipeline.py for tasks to queue
[2026-05-27T01:08:47.754+0000] {logging_mixin.py:188} INFO - [2026-05-27T01:08:47.754+0000] {dagbag.py:545} INFO - Filling up the DagBag from /opt/airflow/dags/flight-pipeline.py
[2026-05-27T01:08:47.806+0000] {processor.py:840} INFO - DAG(s) 'flights_ops_medallion_pipe' retrieved from /opt/airflow/dags/flight-pipeline.py
[2026-05-27T01:08:47.847+0000] {logging_mixin.py:188} INFO - [2026-05-27T01:08:47.846+0000] {dag.py:3089} INFO - Sync 1 DAGs
[2026-05-27T01:08:47.874+0000] {logging_mixin.py:188} INFO - [2026-05-27T01:08:47.873+0000] {dag.py:3947} INFO - Setting next_dagrun for flights_ops_medallion_pipe to 2026-05-27 01:00:00+00:00, run_after=2026-05-27 01:30:00+00:00
[2026-05-27T01:08:47.896+0000] {processor.py:183} INFO - Processing /opt/airflow/dags/flight-pipeline.py took 0.150 seconds
[2026-05-27T01:09:18.060+0000] {processor.py:161} INFO - Started process (PID=125) to work on /opt/airflow/dags/flight-pipeline.py
[2026-05-27T01:09:18.061+0000] {processor.py:830} INFO - Processing file /opt/airflow/dags/flight-pipeline.py for tasks to queue
[2026-05-27T01:09:18.063+0000] {logging_mixin.py:188} INFO - [2026-05-27T01:09:18.062+0000] {dagbag.py:545} INFO - Filling up the DagBag from /opt/airflow/dags/flight-pipeline.py
[2026-05-27T01:09:18.100+0000] {processor.py:840} INFO - DAG(s) 'flights_ops_medallion_pipe' retrieved from /opt/airflow/dags/flight-pipeline.py
[2026-05-27T01:09:18.133+0000] {logging_mixin.py:188} INFO - [2026-05-27T01:09:18.133+0000] {dag.py:3089} INFO - Sync 1 DAGs
[2026-05-27T01:09:18.161+0000] {logging_mixin.py:188} INFO - [2026-05-27T01:09:18.161+0000] {dag.py:3947} INFO - Setting next_dagrun for flights_ops_medallion_pipe to 2026-05-27 01:00:00+00:00, run_after=2026-05-27 01:30:00+00:00
[2026-05-27T01:09:18.184+0000] {processor.py:183} INFO - Processing /opt/airflow/dags/flight-pipeline.py took 0.131 seconds
[2026-05-27T01:09:48.223+0000] {processor.py:161} INFO - Started process (PID=126) to work on /opt/airflow/dags/flight-pipeline.py
[2026-05-27T01:09:48.224+0000] {processor.py:830} INFO - Processing file /opt/airflow/dags/flight-pipeline.py for tasks to queue
[2026-05-27T01:09:48.226+0000] {logging_mixin.py:188} INFO - [2026-05-27T01:09:48.225+0000] {dagbag.py:545} INFO - Filling up the DagBag from /opt/airflow/dags/flight-pipeline.py
[2026-05-27T01:09:48.255+0000] {processor.py:840} INFO - DAG(s) 'flights_ops_medallion_pipe' retrieved from /opt/airflow/dags/flight-pipeline.py
[2026-05-27T01:09:48.287+0000] {logging_mixin.py:188} INFO - [2026-05-27T01:09:48.287+0000] {dag.py:3089} INFO - Sync 1 DAGs
[2026-05-27T01:09:48.321+0000] {logging_mixin.py:188} INFO - [2026-05-27T01:09:48.321+0000] {dag.py:3947} INFO - Setting next_dagrun for flights_ops_medallion_pipe to 2026-05-27 01:00:00+00:00, run_after=2026-05-27 01:30:00+00:00
[2026-05-27T01:09:48.345+0000] {processor.py:183} INFO - Processing /opt/airflow/dags/flight-pipeline.py took 0.129 seconds
[2026-05-27T01:10:18.428+0000] {processor.py:161} INFO - Started process (PID=127) to work on /opt/airflow/dags/flight-pipeline.py
[2026-05-27T01:10:18.429+0000] {processor.py:830} INFO - Processing file /opt/airflow/dags/flight-pipeline.py for tasks to queue
[2026-05-27T01:10:18.431+0000] {logging_mixin.py:188} INFO - [2026-05-27T01:10:18.430+0000] {dagbag.py:545} INFO - Filling up the DagBag from /opt/airflow/dags/flight-pipeline.py
[2026-05-27T01:10:18.466+0000] {processor.py:840} INFO - DAG(s) 'flights_ops_medallion_pipe' retrieved from /opt/airflow/dags/flight-pipeline.py
[2026-05-27T01:10:18.503+0000] {logging_mixin.py:188} INFO - [2026-05-27T01:10:18.502+0000] {dag.py:3089} INFO - Sync 1 DAGs
[2026-05-27T01:10:18.534+0000] {logging_mixin.py:188} INFO - [2026-05-27T01:10:18.534+0000] {dag.py:3947} INFO - Setting next_dagrun for flights_ops_medallion_pipe to 2026-05-27 01:00:00+00:00, run_after=2026-05-27 01:30:00+00:00
[2026-05-27T01:10:18.568+0000] {processor.py:183} INFO - Processing /opt/airflow/dags/flight-pipeline.py took 0.146 seconds
[2026-05-27T01:10:48.695+0000] {processor.py:161} INFO - Started process (PID=128) to work on /opt/airflow/dags/flight-pipeline.py
[2026-05-27T01:10:48.696+0000] {processor.py:830} INFO - Processing file /opt/airflow/dags/flight-pipeline.py for tasks to queue
[2026-05-27T01:10:48.698+0000] {logging_mixin.py:188} INFO - [2026-05-27T01:10:48.697+0000] {dagbag.py:545} INFO - Filling up the DagBag from /opt/airflow/dags/flight-pipeline.py
[2026-05-27T01:10:48.730+0000] {processor.py:840} INFO - DAG(s) 'flights_ops_medallion_pipe' retrieved from /opt/airflow/dags/flight-pipeline.py
[2026-05-27T01:10:48.761+0000] {logging_mixin.py:188} INFO - [2026-05-27T01:10:48.760+0000] {dag.py:3089} INFO - Sync 1 DAGs
[2026-05-27T01:10:48.788+0000] {logging_mixin.py:188} INFO - [2026-05-27T01:10:48.788+0000] {dag.py:3947} INFO - Setting next_dagrun for flights_ops_medallion_pipe to 2026-05-27 01:00:00+00:00, run_after=2026-05-27 01:30:00+00:00
[2026-05-27T01:10:48.810+0000] {processor.py:183} INFO - Processing /opt/airflow/dags/flight-pipeline.py took 0.121 seconds
[2026-05-27T01:11:18.871+0000] {processor.py:161} INFO - Started process (PID=129) to work on /opt/airflow/dags/flight-pipeline.py
[2026-05-27T01:11:18.872+0000] {processor.py:830} INFO - Processing file /opt/airflow/dags/flight-pipeline.py for tasks to queue
[2026-05-27T01:11:18.874+0000] {logging_mixin.py:188} INFO - [2026-05-27T01:11:18.873+0000] {dagbag.py:545} INFO - Filling up the DagBag from /opt/airflow/dags/flight-pipeline.py
[2026-05-27T01:11:18.905+0000] {processor.py:840} INFO - DAG(s) 'flights_ops_medallion_pipe' retrieved from /opt/airflow/dags/flight-pipeline.py
[2026-05-27T01:11:18.933+0000] {logging_mixin.py:188} INFO - [2026-05-27T01:11:18.933+0000] {dag.py:3089} INFO - Sync 1 DAGs
[2026-05-27T01:11:18.957+0000] {logging_mixin.py:188} INFO - [2026-05-27T01:11:18.957+0000] {dag.py:3947} INFO - Setting next_dagrun for flights_ops_medallion_pipe to 2026-05-27 01:00:00+00:00, run_after=2026-05-27 01:30:00+00:00
[2026-05-27T01:11:18.976+0000] {processor.py:183} INFO - Processing /opt/airflow/dags/flight-pipeline.py took 0.110 seconds
[2026-05-27T01:11:49.121+0000] {processor.py:161} INFO - Started process (PID=130) to work on /opt/airflow/dags/flight-pipeline.py
[2026-05-27T01:11:49.123+0000] {processor.py:830} INFO - Processing file /opt/airflow/dags/flight-pipeline.py for tasks to queue
[2026-05-27T01:11:49.125+0000] {logging_mixin.py:188} INFO - [2026-05-27T01:11:49.124+0000] {dagbag.py:545} INFO - Filling up the DagBag from /opt/airflow/dags/flight-pipeline.py
[2026-05-27T01:11:49.169+0000] {processor.py:840} INFO - DAG(s) 'flights_ops_medallion_pipe' retrieved from /opt/airflow/dags/flight-pipeline.py
[2026-05-27T01:11:49.206+0000] {logging_mixin.py:188} INFO - [2026-05-27T01:11:49.206+0000] {dag.py:3089} INFO - Sync 1 DAGs
[2026-05-27T01:11:49.239+0000] {logging_mixin.py:188} INFO - [2026-05-27T01:11:49.238+0000] {dag.py:3947} INFO - Setting next_dagrun for flights_ops_medallion_pipe to 2026-05-27 01:00:00+00:00, run_after=2026-05-27 01:30:00+00:00
[2026-05-27T01:11:49.264+0000] {processor.py:183} INFO - Processing /opt/airflow/dags/flight-pipeline.py took 0.149 seconds
[2026-05-27T01:12:19.431+0000] {processor.py:161} INFO - Started process (PID=131) to work on /opt/airflow/dags/flight-pipeline.py
[2026-05-27T01:12:19.432+0000] {processor.py:830} INFO - Processing file /opt/airflow/dags/flight-pipeline.py for tasks to queue
[2026-05-27T01:12:19.434+0000] {logging_mixin.py:188} INFO - [2026-05-27T01:12:19.433+0000] {dagbag.py:545} INFO - Filling up the DagBag from /opt/airflow/dags/flight-pipeline.py
[2026-05-27T01:12:19.471+0000] {processor.py:840} INFO - DAG(s) 'flights_ops_medallion_pipe' retrieved from /opt/airflow/dags/flight-pipeline.py
[2026-05-27T01:12:19.507+0000] {logging_mixin.py:188} INFO - [2026-05-27T01:12:19.507+0000] {dag.py:3089} INFO - Sync 1 DAGs
[2026-05-27T01:12:19.529+0000] {logging_mixin.py:188} INFO - [2026-05-27T01:12:19.529+0000] {dag.py:3947} INFO - Setting next_dagrun for flights_ops_medallion_pipe to 2026-05-27 01:00:00+00:00, run_after=2026-05-27 01:30:00+00:00
[2026-05-27T01:12:19.551+0000] {processor.py:183} INFO - Processing /opt/airflow/dags/flight-pipeline.py took 0.126 seconds
[2026-05-27T01:12:49.724+0000] {processor.py:161} INFO - Started process (PID=132) to work on /opt/airflow/dags/flight-pipeline.py
[2026-05-27T01:12:49.725+0000] {processor.py:830} INFO - Processing file /opt/airflow/dags/flight-pipeline.py for tasks to queue
[2026-05-27T01:12:49.727+0000] {logging_mixin.py:188} INFO - [2026-05-27T01:12:49.727+0000] {dagbag.py:545} INFO - Filling up the DagBag from /opt/airflow/dags/flight-pipeline.py
[2026-05-27T01:12:49.759+0000] {processor.py:840} INFO - DAG(s) 'flights_ops_medallion_pipe' retrieved from /opt/airflow/dags/flight-pipeline.py
[2026-05-27T01:12:49.787+0000] {logging_mixin.py:188} INFO - [2026-05-27T01:12:49.787+0000] {dag.py:3089} INFO - Sync 1 DAGs
[2026-05-27T01:12:49.813+0000] {logging_mixin.py:188} INFO - [2026-05-27T01:12:49.812+0000] {dag.py:3947} INFO - Setting next_dagrun for flights_ops_medallion_pipe to 2026-05-27 01:00:00+00:00, run_after=2026-05-27 01:30:00+00:00
[2026-05-27T01:12:49.833+0000] {processor.py:183} INFO - Processing /opt/airflow/dags/flight-pipeline.py took 0.113 seconds
[2026-05-27T01:13:19.873+0000] {processor.py:161} INFO - Started process (PID=133) to work on /opt/airflow/dags/flight-pipeline.py
[2026-05-27T01:13:19.874+0000] {processor.py:830} INFO - Processing file /opt/airflow/dags/flight-pipeline.py for tasks to queue
[2026-05-27T01:13:19.875+0000] {logging_mixin.py:188} INFO - [2026-05-27T01:13:19.875+0000] {dagbag.py:545} INFO - Filling up the DagBag from /opt/airflow/dags/flight-pipeline.py
[2026-05-27T01:13:19.910+0000] {processor.py:840} INFO - DAG(s) 'flights_ops_medallion_pipe' retrieved from /opt/airflow/dags/flight-pipeline.py
[2026-05-27T01:13:19.938+0000] {logging_mixin.py:188} INFO - [2026-05-27T01:13:19.938+0000] {dag.py:3089} INFO - Sync 1 DAGs
[2026-05-27T01:13:19.963+0000] {logging_mixin.py:188} INFO - [2026-05-27T01:13:19.963+0000] {dag.py:3947} INFO - Setting next_dagrun for flights_ops_medallion_pipe to 2026-05-27 01:00:00+00:00, run_after=2026-05-27 01:30:00+00:00
[2026-05-27T01:13:19.987+0000] {processor.py:183} INFO - Processing /opt/airflow/dags/flight-pipeline.py took 0.121 seconds
[2026-05-27T01:13:50.183+0000] {processor.py:161} INFO - Started process (PID=134) to work on /opt/airflow/dags/flight-pipeline.py
[2026-05-27T01:13:50.184+0000] {processor.py:830} INFO - Processing file /opt/airflow/dags/flight-pipeline.py for tasks to queue
[2026-05-27T01:13:50.187+0000] {logging_mixin.py:188} INFO - [2026-05-27T01:13:50.187+0000] {dagbag.py:545} INFO - Filling up the DagBag from /opt/airflow/dags/flight-pipeline.py
[2026-05-27T01:13:50.237+0000] {processor.py:840} INFO - DAG(s) 'flights_ops_medallion_pipe' retrieved from /opt/airflow/dags/flight-pipeline.py
[2026-05-27T01:13:50.291+0000] {logging_mixin.py:188} INFO - [2026-05-27T01:13:50.291+0000] {dag.py:3089} INFO - Sync 1 DAGs
[2026-05-27T01:13:50.337+0000] {logging_mixin.py:188} INFO - [2026-05-27T01:13:50.336+0000] {dag.py:3947} INFO - Setting next_dagrun for flights_ops_medallion_pipe to 2026-05-27 01:00:00+00:00, run_after=2026-05-27 01:30:00+00:00
[2026-05-27T01:13:50.370+0000] {processor.py:183} INFO - Processing /opt/airflow/dags/flight-pipeline.py took 0.195 seconds
[2026-05-27T01:14:20.547+0000] {processor.py:161} INFO - Started process (PID=135) to work on /opt/airflow/dags/flight-pipeline.py
[2026-05-27T01:14:20.548+0000] {processor.py:830} INFO - Processing file /opt/airflow/dags/flight-pipeline.py for tasks to queue
[2026-05-27T01:14:20.552+0000] {logging_mixin.py:188} INFO - [2026-05-27T01:14:20.550+0000] {dagbag.py:545} INFO - Filling up the DagBag from /opt/airflow/dags/flight-pipeline.py
[2026-05-27T01:14:20.587+0000] {processor.py:840} INFO - DAG(s) 'flights_ops_medallion_pipe' retrieved from /opt/airflow/dags/flight-pipeline.py
[2026-05-27T01:14:20.619+0000] {logging_mixin.py:188} INFO - [2026-05-27T01:14:20.618+0000] {dag.py:3089} INFO - Sync 1 DAGs
[2026-05-27T01:14:20.642+0000] {logging_mixin.py:188} INFO - [2026-05-27T01:14:20.642+0000] {dag.py:3947} INFO - Setting next_dagrun for flights_ops_medallion_pipe to 2026-05-27 01:00:00+00:00, run_after=2026-05-27 01:30:00+00:00
[2026-05-27T01:14:20.663+0000] {processor.py:183} INFO - Processing /opt/airflow/dags/flight-pipeline.py took 0.124 seconds
[2026-05-27T01:14:50.716+0000] {processor.py:161} INFO - Started process (PID=136) to work on /opt/airflow/dags/flight-pipeline.py
[2026-05-27T01:14:50.717+0000] {processor.py:830} INFO - Processing file /opt/airflow/dags/flight-pipeline.py for tasks to queue
[2026-05-27T01:14:50.719+0000] {logging_mixin.py:188} INFO - [2026-05-27T01:14:50.719+0000] {dagbag.py:545} INFO - Filling up the DagBag from /opt/airflow/dags/flight-pipeline.py
[2026-05-27T01:14:50.752+0000] {processor.py:840} INFO - DAG(s) 'flights_ops_medallion_pipe' retrieved from /opt/airflow/dags/flight-pipeline.py
[2026-05-27T01:14:50.783+0000] {logging_mixin.py:188} INFO - [2026-05-27T01:14:50.783+0000] {dag.py:3089} INFO - Sync 1 DAGs
[2026-05-27T01:14:50.808+0000] {logging_mixin.py:188} INFO - [2026-05-27T01:14:50.808+0000] {dag.py:3947} INFO - Setting next_dagrun for flights_ops_medallion_pipe to 2026-05-27 01:00:00+00:00, run_after=2026-05-27 01:30:00+00:00
[2026-05-27T01:14:50.829+0000] {processor.py:183} INFO - Processing /opt/airflow/dags/flight-pipeline.py took 0.119 seconds
[2026-05-27T01:15:20.977+0000] {processor.py:161} INFO - Started process (PID=137) to work on /opt/airflow/dags/flight-pipeline.py
[2026-05-27T01:15:20.978+0000] {processor.py:830} INFO - Processing file /opt/airflow/dags/flight-pipeline.py for tasks to queue
[2026-05-27T01:15:20.980+0000] {logging_mixin.py:188} INFO - [2026-05-27T01:15:20.979+0000] {dagbag.py:545} INFO - Filling up the DagBag from /opt/airflow/dags/flight-pipeline.py
[2026-05-27T01:15:21.012+0000] {processor.py:840} INFO - DAG(s) 'flights_ops_medallion_pipe' retrieved from /opt/airflow/dags/flight-pipeline.py
[2026-05-27T01:15:21.040+0000] {logging_mixin.py:188} INFO - [2026-05-27T01:15:21.040+0000] {dag.py:3089} INFO - Sync 1 DAGs
[2026-05-27T01:15:21.067+0000] {logging_mixin.py:188} INFO - [2026-05-27T01:15:21.066+0000] {dag.py:3947} INFO - Setting next_dagrun for flights_ops_medallion_pipe to 2026-05-27 01:00:00+00:00, run_after=2026-05-27 01:30:00+00:00
[2026-05-27T01:15:21.092+0000] {processor.py:183} INFO - Processing /opt/airflow/dags/flight-pipeline.py took 0.120 seconds
[2026-05-27T01:15:51.162+0000] {processor.py:161} INFO - Started process (PID=138) to work on /opt/airflow/dags/flight-pipeline.py
[2026-05-27T01:15:51.163+0000] {processor.py:830} INFO - Processing file /opt/airflow/dags/flight-pipeline.py for tasks to queue
[2026-05-27T01:15:51.167+0000] {logging_mixin.py:188} INFO - [2026-05-27T01:15:51.166+0000] {dagbag.py:545} INFO - Filling up the DagBag from /opt/airflow/dags/flight-pipeline.py
[2026-05-27T01:15:51.209+0000] {processor.py:840} INFO - DAG(s) 'flights_ops_medallion_pipe' retrieved from /opt/airflow/dags/flight-pipeline.py
[2026-05-27T01:15:51.239+0000] {logging_mixin.py:188} INFO - [2026-05-27T01:15:51.239+0000] {dag.py:3089} INFO - Sync 1 DAGs
[2026-05-27T01:15:51.264+0000] {logging_mixin.py:188} INFO - [2026-05-27T01:15:51.264+0000] {dag.py:3947} INFO - Setting next_dagrun for flights_ops_medallion_pipe to 2026-05-27 01:00:00+00:00, run_after=2026-05-27 01:30:00+00:00
[2026-05-27T01:15:51.286+0000] {processor.py:183} INFO - Processing /opt/airflow/dags/flight-pipeline.py took 0.140 seconds
[2026-05-27T01:16:21.425+0000] {processor.py:161} INFO - Started process (PID=139) to work on /opt/airflow/dags/flight-pipeline.py
[2026-05-27T01:16:21.426+0000] {processor.py:830} INFO - Processing file /opt/airflow/dags/flight-pipeline.py for tasks to queue
[2026-05-27T01:16:21.429+0000] {logging_mixin.py:188} INFO - [2026-05-27T01:16:21.428+0000] {dagbag.py:545} INFO - Filling up the DagBag from /opt/airflow/dags/flight-pipeline.py
[2026-05-27T01:16:21.468+0000] {processor.py:840} INFO - DAG(s) 'flights_ops_medallion_pipe' retrieved from /opt/airflow/dags/flight-pipeline.py
[2026-05-27T01:16:21.502+0000] {logging_mixin.py:188} INFO - [2026-05-27T01:16:21.502+0000] {dag.py:3089} INFO - Sync 1 DAGs
[2026-05-27T01:16:21.537+0000] {logging_mixin.py:188} INFO - [2026-05-27T01:16:21.537+0000] {dag.py:3947} INFO - Setting next_dagrun for flights_ops_medallion_pipe to 2026-05-27 01:00:00+00:00, run_after=2026-05-27 01:30:00+00:00
[2026-05-27T01:16:21.563+0000] {processor.py:183} INFO - Processing /opt/airflow/dags/flight-pipeline.py took 0.147 seconds
[2026-05-27T01:16:34.541+0000] {processor.py:161} INFO - Started process (PID=140) to work on /opt/airflow/dags/flight-pipeline.py
[2026-05-27T01:16:34.542+0000] {processor.py:830} INFO - Processing file /opt/airflow/dags/flight-pipeline.py for tasks to queue
[2026-05-27T01:16:34.544+0000] {logging_mixin.py:188} INFO - [2026-05-27T01:16:34.544+0000] {dagbag.py:545} INFO - Filling up the DagBag from /opt/airflow/dags/flight-pipeline.py
[2026-05-27T01:16:37.827+0000] {processor.py:840} INFO - DAG(s) 'flights_ops_medallion_pipe' retrieved from /opt/airflow/dags/flight-pipeline.py
[2026-05-27T01:16:37.958+0000] {logging_mixin.py:188} INFO - [2026-05-27T01:16:37.958+0000] {dag.py:3089} INFO - Sync 1 DAGs
[2026-05-27T01:16:37.987+0000] {logging_mixin.py:188} INFO - [2026-05-27T01:16:37.986+0000] {dag.py:3947} INFO - Setting next_dagrun for flights_ops_medallion_pipe to 2026-05-27 01:00:00+00:00, run_after=2026-05-27 01:30:00+00:00
[2026-05-27T01:16:38.019+0000] {processor.py:183} INFO - Processing /opt/airflow/dags/flight-pipeline.py took 3.483 seconds
[2026-05-27T01:17:08.200+0000] {processor.py:161} INFO - Started process (PID=142) to work on /opt/airflow/dags/flight-pipeline.py
[2026-05-27T01:17:08.201+0000] {processor.py:830} INFO - Processing file /opt/airflow/dags/flight-pipeline.py for tasks to queue
[2026-05-27T01:17:08.203+0000] {logging_mixin.py:188} INFO - [2026-05-27T01:17:08.203+0000] {dagbag.py:545} INFO - Filling up the DagBag from /opt/airflow/dags/flight-pipeline.py
[2026-05-27T01:17:08.635+0000] {processor.py:840} INFO - DAG(s) 'flights_ops_medallion_pipe' retrieved from /opt/airflow/dags/flight-pipeline.py
[2026-05-27T01:17:08.669+0000] {logging_mixin.py:188} INFO - [2026-05-27T01:17:08.668+0000] {dag.py:3089} INFO - Sync 1 DAGs
[2026-05-27T01:17:08.694+0000] {logging_mixin.py:188} INFO - [2026-05-27T01:17:08.694+0000] {dag.py:3947} INFO - Setting next_dagrun for flights_ops_medallion_pipe to 2026-05-27 01:00:00+00:00, run_after=2026-05-27 01:30:00+00:00
[2026-05-27T01:17:08.717+0000] {processor.py:183} INFO - Processing /opt/airflow/dags/flight-pipeline.py took 0.524 seconds
[2026-05-27T01:17:38.926+0000] {processor.py:161} INFO - Started process (PID=159) to work on /opt/airflow/dags/flight-pipeline.py
[2026-05-27T01:17:38.928+0000] {processor.py:830} INFO - Processing file /opt/airflow/dags/flight-pipeline.py for tasks to queue
[2026-05-27T01:17:38.933+0000] {logging_mixin.py:188} INFO - [2026-05-27T01:17:38.932+0000] {dagbag.py:545} INFO - Filling up the DagBag from /opt/airflow/dags/flight-pipeline.py
[2026-05-27T01:17:39.448+0000] {processor.py:840} INFO - DAG(s) 'flights_ops_medallion_pipe' retrieved from /opt/airflow/dags/flight-pipeline.py
[2026-05-27T01:17:39.481+0000] {logging_mixin.py:188} INFO - [2026-05-27T01:17:39.480+0000] {dag.py:3089} INFO - Sync 1 DAGs
[2026-05-27T01:17:39.507+0000] {logging_mixin.py:188} INFO - [2026-05-27T01:17:39.506+0000] {dag.py:3947} INFO - Setting next_dagrun for flights_ops_medallion_pipe to 2026-05-27 01:00:00+00:00, run_after=2026-05-27 01:30:00+00:00
[2026-05-27T01:17:39.529+0000] {processor.py:183} INFO - Processing /opt/airflow/dags/flight-pipeline.py took 0.616 seconds
[2026-05-27T01:18:09.705+0000] {processor.py:161} INFO - Started process (PID=174) to work on /opt/airflow/dags/flight-pipeline.py
[2026-05-27T01:18:09.706+0000] {processor.py:830} INFO - Processing file /opt/airflow/dags/flight-pipeline.py for tasks to queue
[2026-05-27T01:18:09.710+0000] {logging_mixin.py:188} INFO - [2026-05-27T01:18:09.709+0000] {dagbag.py:545} INFO - Filling up the DagBag from /opt/airflow/dags/flight-pipeline.py
[2026-05-27T01:18:10.188+0000] {processor.py:840} INFO - DAG(s) 'flights_ops_medallion_pipe' retrieved from /opt/airflow/dags/flight-pipeline.py
[2026-05-27T01:18:10.230+0000] {logging_mixin.py:188} INFO - [2026-05-27T01:18:10.229+0000] {dag.py:3089} INFO - Sync 1 DAGs
[2026-05-27T01:18:10.255+0000] {logging_mixin.py:188} INFO - [2026-05-27T01:18:10.254+0000] {dag.py:3947} INFO - Setting next_dagrun for flights_ops_medallion_pipe to 2026-05-27 01:00:00+00:00, run_after=2026-05-27 01:30:00+00:00
[2026-05-27T01:18:10.488+0000] {processor.py:183} INFO - Processing /opt/airflow/dags/flight-pipeline.py took 0.790 seconds
[2026-05-27T01:18:40.699+0000] {processor.py:161} INFO - Started process (PID=177) to work on /opt/airflow/dags/flight-pipeline.py
[2026-05-27T01:18:40.701+0000] {processor.py:830} INFO - Processing file /opt/airflow/dags/flight-pipeline.py for tasks to queue
[2026-05-27T01:18:40.706+0000] {logging_mixin.py:188} INFO - [2026-05-27T01:18:40.705+0000] {dagbag.py:545} INFO - Filling up the DagBag from /opt/airflow/dags/flight-pipeline.py
[2026-05-27T01:18:41.274+0000] {processor.py:840} INFO - DAG(s) 'flights_ops_medallion_pipe' retrieved from /opt/airflow/dags/flight-pipeline.py
[2026-05-27T01:18:41.305+0000] {logging_mixin.py:188} INFO - [2026-05-27T01:18:41.304+0000] {dag.py:3089} INFO - Sync 1 DAGs
[2026-05-27T01:18:41.552+0000] {logging_mixin.py:188} INFO - [2026-05-27T01:18:41.552+0000] {dag.py:3947} INFO - Setting next_dagrun for flights_ops_medallion_pipe to 2026-05-27 01:00:00+00:00, run_after=2026-05-27 01:30:00+00:00
[2026-05-27T01:18:41.570+0000] {processor.py:183} INFO - Processing /opt/airflow/dags/flight-pipeline.py took 0.882 seconds
[2026-05-27T01:19:11.758+0000] {processor.py:161} INFO - Started process (PID=206) to work on /opt/airflow/dags/flight-pipeline.py
[2026-05-27T01:19:11.759+0000] {processor.py:830} INFO - Processing file /opt/airflow/dags/flight-pipeline.py for tasks to queue
[2026-05-27T01:19:11.761+0000] {logging_mixin.py:188} INFO - [2026-05-27T01:19:11.761+0000] {dagbag.py:545} INFO - Filling up the DagBag from /opt/airflow/dags/flight-pipeline.py
[2026-05-27T01:19:12.117+0000] {processor.py:840} INFO - DAG(s) 'flights_ops_medallion_pipe' retrieved from /opt/airflow/dags/flight-pipeline.py
[2026-05-27T01:19:12.144+0000] {logging_mixin.py:188} INFO - [2026-05-27T01:19:12.144+0000] {dag.py:3089} INFO - Sync 1 DAGs
[2026-05-27T01:19:12.293+0000] {logging_mixin.py:188} INFO - [2026-05-27T01:19:12.293+0000] {dag.py:3947} INFO - Setting next_dagrun for flights_ops_medallion_pipe to 2026-05-27 01:00:00+00:00, run_after=2026-05-27 01:30:00+00:00
[2026-05-27T01:19:12.314+0000] {processor.py:183} INFO - Processing /opt/airflow/dags/flight-pipeline.py took 0.561 seconds
[2026-05-27T01:19:42.491+0000] {processor.py:161} INFO - Started process (PID=208) to work on /opt/airflow/dags/flight-pipeline.py
[2026-05-27T01:19:42.492+0000] {processor.py:830} INFO - Processing file /opt/airflow/dags/flight-pipeline.py for tasks to queue
[2026-05-27T01:19:42.494+0000] {logging_mixin.py:188} INFO - [2026-05-27T01:19:42.494+0000] {dagbag.py:545} INFO - Filling up the DagBag from /opt/airflow/dags/flight-pipeline.py
[2026-05-27T01:19:42.833+0000] {processor.py:840} INFO - DAG(s) 'flights_ops_medallion_pipe' retrieved from /opt/airflow/dags/flight-pipeline.py
[2026-05-27T01:19:42.997+0000] {logging_mixin.py:188} INFO - [2026-05-27T01:19:42.997+0000] {dag.py:3089} INFO - Sync 1 DAGs
[2026-05-27T01:19:43.019+0000] {logging_mixin.py:188} INFO - [2026-05-27T01:19:43.018+0000] {dag.py:3947} INFO - Setting next_dagrun for flights_ops_medallion_pipe to 2026-05-27 01:00:00+00:00, run_after=2026-05-27 01:30:00+00:00
[2026-05-27T01:19:43.037+0000] {processor.py:183} INFO - Processing /opt/airflow/dags/flight-pipeline.py took 0.551 seconds
[2026-05-27T01:20:13.129+0000] {processor.py:161} INFO - Started process (PID=210) to work on /opt/airflow/dags/flight-pipeline.py
[2026-05-27T01:20:13.133+0000] {processor.py:830} INFO - Processing file /opt/airflow/dags/flight-pipeline.py for tasks to queue
[2026-05-27T01:20:13.141+0000] {logging_mixin.py:188} INFO - [2026-05-27T01:20:13.141+0000] {dagbag.py:545} INFO - Filling up the DagBag from /opt/airflow/dags/flight-pipeline.py
[2026-05-27T01:20:13.954+0000] {processor.py:840} INFO - DAG(s) 'flights_ops_medallion_pipe' retrieved from /opt/airflow/dags/flight-pipeline.py
[2026-05-27T01:20:14.001+0000] {logging_mixin.py:188} INFO - [2026-05-27T01:20:14.000+0000] {dag.py:3089} INFO - Sync 1 DAGs
[2026-05-27T01:20:14.033+0000] {logging_mixin.py:188} INFO - [2026-05-27T01:20:14.032+0000] {dag.py:3947} INFO - Setting next_dagrun for flights_ops_medallion_pipe to 2026-05-27 01:00:00+00:00, run_after=2026-05-27 01:30:00+00:00
[2026-05-27T01:20:14.057+0000] {processor.py:183} INFO - Processing /opt/airflow/dags/flight-pipeline.py took 0.935 seconds
[2026-05-27T23:33:31.757+0000] {processor.py:161} INFO - Started process (PID=29) to work on /opt/airflow/dags/flight-pipeline.py
[2026-05-27T23:33:31.766+0000] {processor.py:830} INFO - Processing file /opt/airflow/dags/flight-pipeline.py for tasks to queue
[2026-05-27T23:33:31.807+0000] {logging_mixin.py:188} INFO - [2026-05-27T23:33:31.787+0000] {dagbag.py:545} INFO - Filling up the DagBag from /opt/airflow/dags/flight-pipeline.py
[2026-05-27T23:33:35.951+0000] {processor.py:840} INFO - DAG(s) 'flights_ops_medallion_pipe' retrieved from /opt/airflow/dags/flight-pipeline.py
[2026-05-27T23:33:36.383+0000] {logging_mixin.py:188} INFO - [2026-05-27T23:33:36.380+0000] {override.py:1858} INFO - Created Permission View: can read on DAG:flights_ops_medallion_pipe
[2026-05-27T23:33:36.400+0000] {logging_mixin.py:188} INFO - [2026-05-27T23:33:36.400+0000] {override.py:1858} INFO - Created Permission View: can delete on DAG:flights_ops_medallion_pipe
[2026-05-27T23:33:36.555+0000] {logging_mixin.py:188} INFO - [2026-05-27T23:33:36.555+0000] {override.py:1858} INFO - Created Permission View: can edit on DAG:flights_ops_medallion_pipe
[2026-05-27T23:33:36.556+0000] {logging_mixin.py:188} INFO - [2026-05-27T23:33:36.556+0000] {dag.py:3089} INFO - Sync 1 DAGs
[2026-05-27T23:33:36.566+0000] {logging_mixin.py:188} INFO - [2026-05-27T23:33:36.565+0000] {dag.py:3111} INFO - Creating ORM DAG for flights_ops_medallion_pipe
[2026-05-27T23:33:36.576+0000] {logging_mixin.py:188} INFO - [2026-05-27T23:33:36.576+0000] {dag.py:3947} INFO - Setting next_dagrun for flights_ops_medallion_pipe to 2026-05-27 23:00:00+00:00, run_after=2026-05-27 23:30:00+00:00
[2026-05-27T23:33:36.601+0000] {processor.py:183} INFO - Processing /opt/airflow/dags/flight-pipeline.py took 4.866 seconds
[2026-05-27T23:34:06.797+0000] {processor.py:161} INFO - Started process (PID=31) to work on /opt/airflow/dags/flight-pipeline.py
[2026-05-27T23:34:06.798+0000] {processor.py:830} INFO - Processing file /opt/airflow/dags/flight-pipeline.py for tasks to queue
[2026-05-27T23:34:06.799+0000] {logging_mixin.py:188} INFO - [2026-05-27T23:34:06.799+0000] {dagbag.py:545} INFO - Filling up the DagBag from /opt/airflow/dags/flight-pipeline.py
[2026-05-27T23:34:07.189+0000] {processor.py:840} INFO - DAG(s) 'flights_ops_medallion_pipe' retrieved from /opt/airflow/dags/flight-pipeline.py
[2026-05-27T23:34:07.222+0000] {logging_mixin.py:188} INFO - [2026-05-27T23:34:07.221+0000] {dag.py:3089} INFO - Sync 1 DAGs
[2026-05-27T23:34:07.248+0000] {logging_mixin.py:188} INFO - [2026-05-27T23:34:07.248+0000] {dag.py:3947} INFO - Setting next_dagrun for flights_ops_medallion_pipe to 2026-05-27 23:00:00+00:00, run_after=2026-05-27 23:30:00+00:00
[2026-05-27T23:34:07.272+0000] {processor.py:183} INFO - Processing /opt/airflow/dags/flight-pipeline.py took 0.481 seconds
[2026-05-27T23:34:37.439+0000] {processor.py:161} INFO - Started process (PID=33) to work on /opt/airflow/dags/flight-pipeline.py
[2026-05-27T23:34:37.440+0000] {processor.py:830} INFO - Processing file /opt/airflow/dags/flight-pipeline.py for tasks to queue
[2026-05-27T23:34:37.443+0000] {logging_mixin.py:188} INFO - [2026-05-27T23:34:37.443+0000] {dagbag.py:545} INFO - Filling up the DagBag from /opt/airflow/dags/flight-pipeline.py
[2026-05-27T23:34:37.811+0000] {processor.py:840} INFO - DAG(s) 'flights_ops_medallion_pipe' retrieved from /opt/airflow/dags/flight-pipeline.py
[2026-05-27T23:34:37.839+0000] {logging_mixin.py:188} INFO - [2026-05-27T23:34:37.839+0000] {dag.py:3089} INFO - Sync 1 DAGs
[2026-05-27T23:34:37.862+0000] {logging_mixin.py:188} INFO - [2026-05-27T23:34:37.861+0000] {dag.py:3947} INFO - Setting next_dagrun for flights_ops_medallion_pipe to 2026-05-27 23:00:00+00:00, run_after=2026-05-27 23:30:00+00:00
[2026-05-27T23:34:37.881+0000] {processor.py:183} INFO - Processing /opt/airflow/dags/flight-pipeline.py took 0.449 seconds
[2026-05-27T23:35:08.094+0000] {processor.py:161} INFO - Started process (PID=35) to work on /opt/airflow/dags/flight-pipeline.py
[2026-05-27T23:35:08.096+0000] {processor.py:830} INFO - Processing file /opt/airflow/dags/flight-pipeline.py for tasks to queue
[2026-05-27T23:35:08.106+0000] {logging_mixin.py:188} INFO - [2026-05-27T23:35:08.106+0000] {dagbag.py:545} INFO - Filling up the DagBag from /opt/airflow/dags/flight-pipeline.py
[2026-05-27T23:35:08.620+0000] {processor.py:840} INFO - DAG(s) 'flights_ops_medallion_pipe' retrieved from /opt/airflow/dags/flight-pipeline.py
[2026-05-27T23:35:08.658+0000] {logging_mixin.py:188} INFO - [2026-05-27T23:35:08.658+0000] {dag.py:3089} INFO - Sync 1 DAGs
[2026-05-27T23:35:08.690+0000] {logging_mixin.py:188} INFO - [2026-05-27T23:35:08.690+0000] {dag.py:3947} INFO - Setting next_dagrun for flights_ops_medallion_pipe to 2026-05-27 23:00:00+00:00, run_after=2026-05-27 23:30:00+00:00
[2026-05-27T23:35:08.722+0000] {processor.py:183} INFO - Processing /opt/airflow/dags/flight-pipeline.py took 0.640 seconds
[2026-05-27T23:35:38.892+0000] {processor.py:161} INFO - Started process (PID=38) to work on /opt/airflow/dags/flight-pipeline.py
[2026-05-27T23:35:38.894+0000] {processor.py:830} INFO - Processing file /opt/airflow/dags/flight-pipeline.py for tasks to queue
[2026-05-27T23:35:38.896+0000] {logging_mixin.py:188} INFO - [2026-05-27T23:35:38.896+0000] {dagbag.py:545} INFO - Filling up the DagBag from /opt/airflow/dags/flight-pipeline.py
[2026-05-27T23:35:39.341+0000] {processor.py:840} INFO - DAG(s) 'flights_ops_medallion_pipe' retrieved from /opt/airflow/dags/flight-pipeline.py
[2026-05-27T23:35:39.376+0000] {logging_mixin.py:188} INFO - [2026-05-27T23:35:39.376+0000] {dag.py:3089} INFO - Sync 1 DAGs
[2026-05-27T23:35:39.407+0000] {logging_mixin.py:188} INFO - [2026-05-27T23:35:39.407+0000] {dag.py:3947} INFO - Setting next_dagrun for flights_ops_medallion_pipe to 2026-05-27 23:30:00+00:00, run_after=2026-05-28 00:00:00+00:00
[2026-05-27T23:35:39.431+0000] {processor.py:183} INFO - Processing /opt/airflow/dags/flight-pipeline.py took 0.547 seconds
[2026-05-27T23:36:09.606+0000] {processor.py:161} INFO - Started process (PID=95) to work on /opt/airflow/dags/flight-pipeline.py
[2026-05-27T23:36:09.607+0000] {processor.py:830} INFO - Processing file /opt/airflow/dags/flight-pipeline.py for tasks to queue
[2026-05-27T23:36:09.609+0000] {logging_mixin.py:188} INFO - [2026-05-27T23:36:09.609+0000] {dagbag.py:545} INFO - Filling up the DagBag from /opt/airflow/dags/flight-pipeline.py
[2026-05-27T23:36:09.926+0000] {processor.py:840} INFO - DAG(s) 'flights_ops_medallion_pipe' retrieved from /opt/airflow/dags/flight-pipeline.py
[2026-05-27T23:36:09.952+0000] {logging_mixin.py:188} INFO - [2026-05-27T23:36:09.952+0000] {dag.py:3089} INFO - Sync 1 DAGs
[2026-05-27T23:36:09.977+0000] {logging_mixin.py:188} INFO - [2026-05-27T23:36:09.976+0000] {dag.py:3947} INFO - Setting next_dagrun for flights_ops_medallion_pipe to 2026-05-27 23:30:00+00:00, run_after=2026-05-28 00:00:00+00:00
[2026-05-27T23:36:09.998+0000] {processor.py:183} INFO - Processing /opt/airflow/dags/flight-pipeline.py took 0.397 seconds
[2026-05-27T23:36:40.190+0000] {processor.py:161} INFO - Started process (PID=97) to work on /opt/airflow/dags/flight-pipeline.py
[2026-05-27T23:36:40.191+0000] {processor.py:830} INFO - Processing file /opt/airflow/dags/flight-pipeline.py for tasks to queue
[2026-05-27T23:36:40.194+0000] {logging_mixin.py:188} INFO - [2026-05-27T23:36:40.193+0000] {dagbag.py:545} INFO - Filling up the DagBag from /opt/airflow/dags/flight-pipeline.py
[2026-05-27T23:36:40.556+0000] {processor.py:840} INFO - DAG(s) 'flights_ops_medallion_pipe' retrieved from /opt/airflow/dags/flight-pipeline.py
[2026-05-27T23:36:40.585+0000] {logging_mixin.py:188} INFO - [2026-05-27T23:36:40.585+0000] {dag.py:3089} INFO - Sync 1 DAGs
[2026-05-27T23:36:40.611+0000] {logging_mixin.py:188} INFO - [2026-05-27T23:36:40.610+0000] {dag.py:3947} INFO - Setting next_dagrun for flights_ops_medallion_pipe to 2026-05-27 23:30:00+00:00, run_after=2026-05-28 00:00:00+00:00
[2026-05-27T23:36:40.846+0000] {processor.py:183} INFO - Processing /opt/airflow/dags/flight-pipeline.py took 0.662 seconds
[2026-05-27T23:37:11.101+0000] {processor.py:161} INFO - Started process (PID=99) to work on /opt/airflow/dags/flight-pipeline.py
[2026-05-27T23:37:11.103+0000] {processor.py:830} INFO - Processing file /opt/airflow/dags/flight-pipeline.py for tasks to queue
[2026-05-27T23:37:11.106+0000] {logging_mixin.py:188} INFO - [2026-05-27T23:37:11.105+0000] {dagbag.py:545} INFO - Filling up the DagBag from /opt/airflow/dags/flight-pipeline.py
[2026-05-27T23:37:11.537+0000] {processor.py:840} INFO - DAG(s) 'flights_ops_medallion_pipe' retrieved from /opt/airflow/dags/flight-pipeline.py
[2026-05-27T23:37:11.569+0000] {logging_mixin.py:188} INFO - [2026-05-27T23:37:11.569+0000] {dag.py:3089} INFO - Sync 1 DAGs
[2026-05-27T23:37:11.598+0000] {logging_mixin.py:188} INFO - [2026-05-27T23:37:11.598+0000] {dag.py:3947} INFO - Setting next_dagrun for flights_ops_medallion_pipe to 2026-05-27 23:30:00+00:00, run_after=2026-05-28 00:00:00+00:00
[2026-05-27T23:37:11.786+0000] {processor.py:183} INFO - Processing /opt/airflow/dags/flight-pipeline.py took 0.692 seconds
[2026-05-27T23:37:41.978+0000] {processor.py:161} INFO - Started process (PID=101) to work on /opt/airflow/dags/flight-pipeline.py
[2026-05-27T23:37:41.979+0000] {processor.py:830} INFO - Processing file /opt/airflow/dags/flight-pipeline.py for tasks to queue
[2026-05-27T23:37:41.981+0000] {logging_mixin.py:188} INFO - [2026-05-27T23:37:41.981+0000] {dagbag.py:545} INFO - Filling up the DagBag from /opt/airflow/dags/flight-pipeline.py
[2026-05-27T23:37:42.336+0000] {processor.py:840} INFO - DAG(s) 'flights_ops_medallion_pipe' retrieved from /opt/airflow/dags/flight-pipeline.py
[2026-05-27T23:37:42.362+0000] {logging_mixin.py:188} INFO - [2026-05-27T23:37:42.362+0000] {dag.py:3089} INFO - Sync 1 DAGs
[2026-05-27T23:37:42.384+0000] {logging_mixin.py:188} INFO - [2026-05-27T23:37:42.383+0000] {dag.py:3947} INFO - Setting next_dagrun for flights_ops_medallion_pipe to 2026-05-27 23:30:00+00:00, run_after=2026-05-28 00:00:00+00:00
[2026-05-27T23:37:42.404+0000] {processor.py:183} INFO - Processing /opt/airflow/dags/flight-pipeline.py took 0.432 seconds
[2026-05-27T23:38:12.565+0000] {processor.py:161} INFO - Started process (PID=103) to work on /opt/airflow/dags/flight-pipeline.py
[2026-05-27T23:38:12.566+0000] {processor.py:830} INFO - Processing file /opt/airflow/dags/flight-pipeline.py for tasks to queue
[2026-05-27T23:38:12.569+0000] {logging_mixin.py:188} INFO - [2026-05-27T23:38:12.568+0000] {dagbag.py:545} INFO - Filling up the DagBag from /opt/airflow/dags/flight-pipeline.py
[2026-05-27T23:38:12.964+0000] {processor.py:840} INFO - DAG(s) 'flights_ops_medallion_pipe' retrieved from /opt/airflow/dags/flight-pipeline.py
[2026-05-27T23:38:12.993+0000] {logging_mixin.py:188} INFO - [2026-05-27T23:38:12.992+0000] {dag.py:3089} INFO - Sync 1 DAGs
[2026-05-27T23:38:13.016+0000] {logging_mixin.py:188} INFO - [2026-05-27T23:38:13.015+0000] {dag.py:3947} INFO - Setting next_dagrun for flights_ops_medallion_pipe to 2026-05-27 23:30:00+00:00, run_after=2026-05-28 00:00:00+00:00
[2026-05-27T23:38:13.036+0000] {processor.py:183} INFO - Processing /opt/airflow/dags/flight-pipeline.py took 0.476 seconds
[2026-05-27T23:38:43.211+0000] {processor.py:161} INFO - Started process (PID=105) to work on /opt/airflow/dags/flight-pipeline.py
[2026-05-27T23:38:43.212+0000] {processor.py:830} INFO - Processing file /opt/airflow/dags/flight-pipeline.py for tasks to queue
[2026-05-27T23:38:43.213+0000] {logging_mixin.py:188} INFO - [2026-05-27T23:38:43.213+0000] {dagbag.py:545} INFO - Filling up the DagBag from /opt/airflow/dags/flight-pipeline.py
[2026-05-27T23:38:43.540+0000] {processor.py:840} INFO - DAG(s) 'flights_ops_medallion_pipe' retrieved from /opt/airflow/dags/flight-pipeline.py
[2026-05-27T23:38:43.567+0000] {logging_mixin.py:188} INFO - [2026-05-27T23:38:43.566+0000] {dag.py:3089} INFO - Sync 1 DAGs
[2026-05-27T23:38:43.589+0000] {logging_mixin.py:188} INFO - [2026-05-27T23:38:43.589+0000] {dag.py:3947} INFO - Setting next_dagrun for flights_ops_medallion_pipe to 2026-05-27 23:30:00+00:00, run_after=2026-05-28 00:00:00+00:00
[2026-05-27T23:38:43.609+0000] {processor.py:183} INFO - Processing /opt/airflow/dags/flight-pipeline.py took 0.405 seconds
[2026-05-27T23:39:13.795+0000] {processor.py:161} INFO - Started process (PID=135) to work on /opt/airflow/dags/flight-pipeline.py
[2026-05-27T23:39:13.796+0000] {processor.py:830} INFO - Processing file /opt/airflow/dags/flight-pipeline.py for tasks to queue
[2026-05-27T23:39:13.798+0000] {logging_mixin.py:188} INFO - [2026-05-27T23:39:13.798+0000] {dagbag.py:545} INFO - Filling up the DagBag from /opt/airflow/dags/flight-pipeline.py
[2026-05-27T23:39:14.129+0000] {processor.py:840} INFO - DAG(s) 'flights_ops_medallion_pipe' retrieved from /opt/airflow/dags/flight-pipeline.py
[2026-05-27T23:39:14.157+0000] {logging_mixin.py:188} INFO - [2026-05-27T23:39:14.157+0000] {dag.py:3089} INFO - Sync 1 DAGs
[2026-05-27T23:39:14.182+0000] {logging_mixin.py:188} INFO - [2026-05-27T23:39:14.182+0000] {dag.py:3947} INFO - Setting next_dagrun for flights_ops_medallion_pipe to 2026-05-27 23:30:00+00:00, run_after=2026-05-28 00:00:00+00:00
[2026-05-27T23:39:14.213+0000] {processor.py:183} INFO - Processing /opt/airflow/dags/flight-pipeline.py took 0.425 seconds
[2026-05-27T23:39:44.385+0000] {processor.py:161} INFO - Started process (PID=137) to work on /opt/airflow/dags/flight-pipeline.py
[2026-05-27T23:39:44.386+0000] {processor.py:830} INFO - Processing file /opt/airflow/dags/flight-pipeline.py for tasks to queue
[2026-05-27T23:39:44.388+0000] {logging_mixin.py:188} INFO - [2026-05-27T23:39:44.388+0000] {dagbag.py:545} INFO - Filling up the DagBag from /opt/airflow/dags/flight-pipeline.py
[2026-05-27T23:39:44.747+0000] {processor.py:840} INFO - DAG(s) 'flights_ops_medallion_pipe' retrieved from /opt/airflow/dags/flight-pipeline.py
[2026-05-27T23:39:44.772+0000] {logging_mixin.py:188} INFO - [2026-05-27T23:39:44.772+0000] {dag.py:3089} INFO - Sync 1 DAGs
[2026-05-27T23:39:44.792+0000] {logging_mixin.py:188} INFO - [2026-05-27T23:39:44.792+0000] {dag.py:3947} INFO - Setting next_dagrun for flights_ops_medallion_pipe to 2026-05-27 23:30:00+00:00, run_after=2026-05-28 00:00:00+00:00
[2026-05-27T23:39:44.965+0000] {processor.py:183} INFO - Processing /opt/airflow/dags/flight-pipeline.py took 0.586 seconds
[2026-05-27T23:40:15.105+0000] {processor.py:161} INFO - Started process (PID=167) to work on /opt/airflow/dags/flight-pipeline.py
[2026-05-27T23:40:15.107+0000] {processor.py:830} INFO - Processing file /opt/airflow/dags/flight-pipeline.py for tasks to queue
[2026-05-27T23:40:15.109+0000] {logging_mixin.py:188} INFO - [2026-05-27T23:40:15.109+0000] {dagbag.py:545} INFO - Filling up the DagBag from /opt/airflow/dags/flight-pipeline.py
[2026-05-27T23:40:15.434+0000] {processor.py:840} INFO - DAG(s) 'flights_ops_medallion_pipe' retrieved from /opt/airflow/dags/flight-pipeline.py
[2026-05-27T23:40:15.461+0000] {logging_mixin.py:188} INFO - [2026-05-27T23:40:15.461+0000] {dag.py:3089} INFO - Sync 1 DAGs
[2026-05-27T23:40:15.642+0000] {logging_mixin.py:188} INFO - [2026-05-27T23:40:15.642+0000] {dag.py:3947} INFO - Setting next_dagrun for flights_ops_medallion_pipe to 2026-05-27 23:30:00+00:00, run_after=2026-05-28 00:00:00+00:00
[2026-05-27T23:40:15.666+0000] {processor.py:183} INFO - Processing /opt/airflow/dags/flight-pipeline.py took 0.568 seconds
[2026-05-27T23:40:45.871+0000] {processor.py:161} INFO - Started process (PID=169) to work on /opt/airflow/dags/flight-pipeline.py
[2026-05-27T23:40:45.872+0000] {processor.py:830} INFO - Processing file /opt/airflow/dags/flight-pipeline.py for tasks to queue
[2026-05-27T23:40:45.874+0000] {logging_mixin.py:188} INFO - [2026-05-27T23:40:45.874+0000] {dagbag.py:545} INFO - Filling up the DagBag from /opt/airflow/dags/flight-pipeline.py
[2026-05-27T23:40:46.227+0000] {processor.py:840} INFO - DAG(s) 'flights_ops_medallion_pipe' retrieved from /opt/airflow/dags/flight-pipeline.py
[2026-05-27T23:40:46.253+0000] {logging_mixin.py:188} INFO - [2026-05-27T23:40:46.252+0000] {dag.py:3089} INFO - Sync 1 DAGs
[2026-05-27T23:40:46.276+0000] {logging_mixin.py:188} INFO - [2026-05-27T23:40:46.276+0000] {dag.py:3947} INFO - Setting next_dagrun for flights_ops_medallion_pipe to 2026-05-27 23:30:00+00:00, run_after=2026-05-28 00:00:00+00:00
[2026-05-27T23:40:46.310+0000] {processor.py:183} INFO - Processing /opt/airflow/dags/flight-pipeline.py took 0.445 seconds
[2026-05-27T23:41:16.404+0000] {processor.py:161} INFO - Started process (PID=171) to work on /opt/airflow/dags/flight-pipeline.py
[2026-05-27T23:41:16.405+0000] {processor.py:830} INFO - Processing file /opt/airflow/dags/flight-pipeline.py for tasks to queue
[2026-05-27T23:41:16.409+0000] {logging_mixin.py:188} INFO - [2026-05-27T23:41:16.408+0000] {dagbag.py:545} INFO - Filling up the DagBag from /opt/airflow/dags/flight-pipeline.py
[2026-05-27T23:41:16.864+0000] {processor.py:840} INFO - DAG(s) 'flights_ops_medallion_pipe' retrieved from /opt/airflow/dags/flight-pipeline.py
[2026-05-27T23:41:16.896+0000] {logging_mixin.py:188} INFO - [2026-05-27T23:41:16.895+0000] {dag.py:3089} INFO - Sync 1 DAGs
[2026-05-27T23:41:16.920+0000] {logging_mixin.py:188} INFO - [2026-05-27T23:41:16.920+0000] {dag.py:3947} INFO - Setting next_dagrun for flights_ops_medallion_pipe to 2026-05-27 23:30:00+00:00, run_after=2026-05-28 00:00:00+00:00
[2026-05-27T23:41:16.947+0000] {processor.py:183} INFO - Processing /opt/airflow/dags/flight-pipeline.py took 0.551 seconds
[2026-05-27T23:41:47.188+0000] {processor.py:161} INFO - Started process (PID=173) to work on /opt/airflow/dags/flight-pipeline.py
[2026-05-27T23:41:47.190+0000] {processor.py:830} INFO - Processing file /opt/airflow/dags/flight-pipeline.py for tasks to queue
[2026-05-27T23:41:47.192+0000] {logging_mixin.py:188} INFO - [2026-05-27T23:41:47.191+0000] {dagbag.py:545} INFO - Filling up the DagBag from /opt/airflow/dags/flight-pipeline.py
[2026-05-27T23:41:47.520+0000] {processor.py:840} INFO - DAG(s) 'flights_ops_medallion_pipe' retrieved from /opt/airflow/dags/flight-pipeline.py
[2026-05-27T23:41:47.547+0000] {logging_mixin.py:188} INFO - [2026-05-27T23:41:47.547+0000] {dag.py:3089} INFO - Sync 1 DAGs
[2026-05-27T23:41:47.569+0000] {logging_mixin.py:188} INFO - [2026-05-27T23:41:47.569+0000] {dag.py:3947} INFO - Setting next_dagrun for flights_ops_medallion_pipe to 2026-05-27 23:30:00+00:00, run_after=2026-05-28 00:00:00+00:00
[2026-05-27T23:41:47.589+0000] {processor.py:183} INFO - Processing /opt/airflow/dags/flight-pipeline.py took 0.408 seconds
[2026-05-27T23:42:17.762+0000] {processor.py:161} INFO - Started process (PID=175) to work on /opt/airflow/dags/flight-pipeline.py
[2026-05-27T23:42:17.763+0000] {processor.py:830} INFO - Processing file /opt/airflow/dags/flight-pipeline.py for tasks to queue
[2026-05-27T23:42:17.765+0000] {logging_mixin.py:188} INFO - [2026-05-27T23:42:17.765+0000] {dagbag.py:545} INFO - Filling up the DagBag from /opt/airflow/dags/flight-pipeline.py
[2026-05-27T23:42:18.118+0000] {processor.py:840} INFO - DAG(s) 'flights_ops_medallion_pipe' retrieved from /opt/airflow/dags/flight-pipeline.py
[2026-05-27T23:42:18.147+0000] {logging_mixin.py:188} INFO - [2026-05-27T23:42:18.146+0000] {dag.py:3089} INFO - Sync 1 DAGs
[2026-05-27T23:42:18.168+0000] {logging_mixin.py:188} INFO - [2026-05-27T23:42:18.167+0000] {dag.py:3947} INFO - Setting next_dagrun for flights_ops_medallion_pipe to 2026-05-27 23:30:00+00:00, run_after=2026-05-28 00:00:00+00:00
[2026-05-27T23:42:18.187+0000] {processor.py:183} INFO - Processing /opt/airflow/dags/flight-pipeline.py took 0.431 seconds
[2026-05-27T23:42:48.377+0000] {processor.py:161} INFO - Started process (PID=177) to work on /opt/airflow/dags/flight-pipeline.py
[2026-05-27T23:42:48.379+0000] {processor.py:830} INFO - Processing file /opt/airflow/dags/flight-pipeline.py for tasks to queue
[2026-05-27T23:42:48.382+0000] {logging_mixin.py:188} INFO - [2026-05-27T23:42:48.381+0000] {dagbag.py:545} INFO - Filling up the DagBag from /opt/airflow/dags/flight-pipeline.py
[2026-05-27T23:42:48.757+0000] {processor.py:840} INFO - DAG(s) 'flights_ops_medallion_pipe' retrieved from /opt/airflow/dags/flight-pipeline.py
[2026-05-27T23:42:48.791+0000] {logging_mixin.py:188} INFO - [2026-05-27T23:42:48.791+0000] {dag.py:3089} INFO - Sync 1 DAGs
[2026-05-27T23:42:48.815+0000] {logging_mixin.py:188} INFO - [2026-05-27T23:42:48.815+0000] {dag.py:3947} INFO - Setting next_dagrun for flights_ops_medallion_pipe to 2026-05-27 23:30:00+00:00, run_after=2026-05-28 00:00:00+00:00
[2026-05-27T23:42:49.009+0000] {processor.py:183} INFO - Processing /opt/airflow/dags/flight-pipeline.py took 0.640 seconds
[2026-05-27T23:43:19.169+0000] {processor.py:161} INFO - Started process (PID=179) to work on /opt/airflow/dags/flight-pipeline.py
[2026-05-27T23:43:19.170+0000] {processor.py:830} INFO - Processing file /opt/airflow/dags/flight-pipeline.py for tasks to queue
[2026-05-27T23:43:19.172+0000] {logging_mixin.py:188} INFO - [2026-05-27T23:43:19.171+0000] {dagbag.py:545} INFO - Filling up the DagBag from /opt/airflow/dags/flight-pipeline.py
[2026-05-27T23:43:19.484+0000] {processor.py:840} INFO - DAG(s) 'flights_ops_medallion_pipe' retrieved from /opt/airflow/dags/flight-pipeline.py
[2026-05-27T23:43:19.511+0000] {logging_mixin.py:188} INFO - [2026-05-27T23:43:19.511+0000] {dag.py:3089} INFO - Sync 1 DAGs
[2026-05-27T23:43:19.681+0000] {logging_mixin.py:188} INFO - [2026-05-27T23:43:19.681+0000] {dag.py:3947} INFO - Setting next_dagrun for flights_ops_medallion_pipe to 2026-05-27 23:30:00+00:00, run_after=2026-05-28 00:00:00+00:00
[2026-05-27T23:43:19.699+0000] {processor.py:183} INFO - Processing /opt/airflow/dags/flight-pipeline.py took 0.535 seconds
[2026-05-27T23:43:49.900+0000] {processor.py:161} INFO - Started process (PID=181) to work on /opt/airflow/dags/flight-pipeline.py
[2026-05-27T23:43:49.901+0000] {processor.py:830} INFO - Processing file /opt/airflow/dags/flight-pipeline.py for tasks to queue
[2026-05-27T23:43:49.903+0000] {logging_mixin.py:188} INFO - [2026-05-27T23:43:49.902+0000] {dagbag.py:545} INFO - Filling up the DagBag from /opt/airflow/dags/flight-pipeline.py
[2026-05-27T23:43:50.237+0000] {processor.py:840} INFO - DAG(s) 'flights_ops_medallion_pipe' retrieved from /opt/airflow/dags/flight-pipeline.py
[2026-05-27T23:43:50.265+0000] {logging_mixin.py:188} INFO - [2026-05-27T23:43:50.265+0000] {dag.py:3089} INFO - Sync 1 DAGs
[2026-05-27T23:43:50.292+0000] {logging_mixin.py:188} INFO - [2026-05-27T23:43:50.291+0000] {dag.py:3947} INFO - Setting next_dagrun for flights_ops_medallion_pipe to 2026-05-27 23:30:00+00:00, run_after=2026-05-28 00:00:00+00:00
[2026-05-27T23:43:50.314+0000] {processor.py:183} INFO - Processing /opt/airflow/dags/flight-pipeline.py took 0.419 seconds
[2026-05-27T23:44:20.446+0000] {processor.py:161} INFO - Started process (PID=183) to work on /opt/airflow/dags/flight-pipeline.py
[2026-05-27T23:44:20.447+0000] {processor.py:830} INFO - Processing file /opt/airflow/dags/flight-pipeline.py for tasks to queue
[2026-05-27T23:44:20.448+0000] {logging_mixin.py:188} INFO - [2026-05-27T23:44:20.448+0000] {dagbag.py:545} INFO - Filling up the DagBag from /opt/airflow/dags/flight-pipeline.py
[2026-05-27T23:44:20.777+0000] {processor.py:840} INFO - DAG(s) 'flights_ops_medallion_pipe' retrieved from /opt/airflow/dags/flight-pipeline.py
[2026-05-27T23:44:20.805+0000] {logging_mixin.py:188} INFO - [2026-05-27T23:44:20.804+0000] {dag.py:3089} INFO - Sync 1 DAGs
[2026-05-27T23:44:20.828+0000] {logging_mixin.py:188} INFO - [2026-05-27T23:44:20.827+0000] {dag.py:3947} INFO - Setting next_dagrun for flights_ops_medallion_pipe to 2026-05-27 23:30:00+00:00, run_after=2026-05-28 00:00:00+00:00
[2026-05-27T23:44:20.853+0000] {processor.py:183} INFO - Processing /opt/airflow/dags/flight-pipeline.py took 0.412 seconds
[2026-05-27T23:44:51.014+0000] {processor.py:161} INFO - Started process (PID=185) to work on /opt/airflow/dags/flight-pipeline.py
[2026-05-27T23:44:51.015+0000] {processor.py:830} INFO - Processing file /opt/airflow/dags/flight-pipeline.py for tasks to queue
[2026-05-27T23:44:51.017+0000] {logging_mixin.py:188} INFO - [2026-05-27T23:44:51.017+0000] {dagbag.py:545} INFO - Filling up the DagBag from /opt/airflow/dags/flight-pipeline.py
[2026-05-27T23:44:51.304+0000] {processor.py:840} INFO - DAG(s) 'flights_ops_medallion_pipe' retrieved from /opt/airflow/dags/flight-pipeline.py
[2026-05-27T23:44:51.327+0000] {logging_mixin.py:188} INFO - [2026-05-27T23:44:51.327+0000] {dag.py:3089} INFO - Sync 1 DAGs
[2026-05-27T23:44:51.347+0000] {logging_mixin.py:188} INFO - [2026-05-27T23:44:51.346+0000] {dag.py:3947} INFO - Setting next_dagrun for flights_ops_medallion_pipe to 2026-05-27 23:30:00+00:00, run_after=2026-05-28 00:00:00+00:00
[2026-05-27T23:44:51.364+0000] {processor.py:183} INFO - Processing /opt/airflow/dags/flight-pipeline.py took 0.354 seconds
[2026-05-27T23:45:21.527+0000] {processor.py:161} INFO - Started process (PID=187) to work on /opt/airflow/dags/flight-pipeline.py
[2026-05-27T23:45:21.528+0000] {processor.py:830} INFO - Processing file /opt/airflow/dags/flight-pipeline.py for tasks to queue
[2026-05-27T23:45:21.530+0000] {logging_mixin.py:188} INFO - [2026-05-27T23:45:21.530+0000] {dagbag.py:545} INFO - Filling up the DagBag from /opt/airflow/dags/flight-pipeline.py
[2026-05-27T23:45:21.842+0000] {processor.py:840} INFO - DAG(s) 'flights_ops_medallion_pipe' retrieved from /opt/airflow/dags/flight-pipeline.py
[2026-05-27T23:45:21.871+0000] {logging_mixin.py:188} INFO - [2026-05-27T23:45:21.870+0000] {dag.py:3089} INFO - Sync 1 DAGs
[2026-05-27T23:45:21.893+0000] {logging_mixin.py:188} INFO - [2026-05-27T23:45:21.893+0000] {dag.py:3947} INFO - Setting next_dagrun for flights_ops_medallion_pipe to 2026-05-27 23:30:00+00:00, run_after=2026-05-28 00:00:00+00:00
[2026-05-27T23:45:21.920+0000] {processor.py:183} INFO - Processing /opt/airflow/dags/flight-pipeline.py took 0.398 seconds
[2026-05-27T23:45:52.089+0000] {processor.py:161} INFO - Started process (PID=189) to work on /opt/airflow/dags/flight-pipeline.py
[2026-05-27T23:45:52.090+0000] {processor.py:830} INFO - Processing file /opt/airflow/dags/flight-pipeline.py for tasks to queue
[2026-05-27T23:45:52.091+0000] {logging_mixin.py:188} INFO - [2026-05-27T23:45:52.091+0000] {dagbag.py:545} INFO - Filling up the DagBag from /opt/airflow/dags/flight-pipeline.py
[2026-05-27T23:45:52.400+0000] {processor.py:840} INFO - DAG(s) 'flights_ops_medallion_pipe' retrieved from /opt/airflow/dags/flight-pipeline.py
[2026-05-27T23:45:52.424+0000] {logging_mixin.py:188} INFO - [2026-05-27T23:45:52.424+0000] {dag.py:3089} INFO - Sync 1 DAGs
[2026-05-27T23:45:52.444+0000] {logging_mixin.py:188} INFO - [2026-05-27T23:45:52.444+0000] {dag.py:3947} INFO - Setting next_dagrun for flights_ops_medallion_pipe to 2026-05-27 23:30:00+00:00, run_after=2026-05-28 00:00:00+00:00
[2026-05-27T23:45:52.583+0000] {processor.py:183} INFO - Processing /opt/airflow/dags/flight-pipeline.py took 0.499 seconds
[2026-05-27T23:46:22.777+0000] {processor.py:161} INFO - Started process (PID=191) to work on /opt/airflow/dags/flight-pipeline.py
[2026-05-27T23:46:22.779+0000] {processor.py:830} INFO - Processing file /opt/airflow/dags/flight-pipeline.py for tasks to queue
[2026-05-27T23:46:22.782+0000] {logging_mixin.py:188} INFO - [2026-05-27T23:46:22.782+0000] {dagbag.py:545} INFO - Filling up the DagBag from /opt/airflow/dags/flight-pipeline.py
[2026-05-27T23:46:23.286+0000] {processor.py:840} INFO - DAG(s) 'flights_ops_medallion_pipe' retrieved from /opt/airflow/dags/flight-pipeline.py
[2026-05-27T23:46:23.320+0000] {logging_mixin.py:188} INFO - [2026-05-27T23:46:23.320+0000] {dag.py:3089} INFO - Sync 1 DAGs
[2026-05-27T23:46:23.518+0000] {logging_mixin.py:188} INFO - [2026-05-27T23:46:23.518+0000] {dag.py:3947} INFO - Setting next_dagrun for flights_ops_medallion_pipe to 2026-05-27 23:30:00+00:00, run_after=2026-05-28 00:00:00+00:00
[2026-05-27T23:46:23.538+0000] {processor.py:183} INFO - Processing /opt/airflow/dags/flight-pipeline.py took 0.773 seconds
[2026-05-27T23:46:53.709+0000] {processor.py:161} INFO - Started process (PID=193) to work on /opt/airflow/dags/flight-pipeline.py
[2026-05-27T23:46:53.710+0000] {processor.py:830} INFO - Processing file /opt/airflow/dags/flight-pipeline.py for tasks to queue
[2026-05-27T23:46:53.712+0000] {logging_mixin.py:188} INFO - [2026-05-27T23:46:53.712+0000] {dagbag.py:545} INFO - Filling up the DagBag from /opt/airflow/dags/flight-pipeline.py
[2026-05-27T23:46:54.035+0000] {processor.py:840} INFO - DAG(s) 'flights_ops_medallion_pipe' retrieved from /opt/airflow/dags/flight-pipeline.py
[2026-05-27T23:46:54.066+0000] {logging_mixin.py:188} INFO - [2026-05-27T23:46:54.065+0000] {dag.py:3089} INFO - Sync 1 DAGs
[2026-05-27T23:46:54.103+0000] {logging_mixin.py:188} INFO - [2026-05-27T23:46:54.102+0000] {dag.py:3947} INFO - Setting next_dagrun for flights_ops_medallion_pipe to 2026-05-27 23:30:00+00:00, run_after=2026-05-28 00:00:00+00:00
[2026-05-27T23:46:54.129+0000] {processor.py:183} INFO - Processing /opt/airflow/dags/flight-pipeline.py took 0.425 seconds
[2026-05-27T23:47:24.319+0000] {processor.py:161} INFO - Started process (PID=195) to work on /opt/airflow/dags/flight-pipeline.py
[2026-05-27T23:47:24.320+0000] {processor.py:830} INFO - Processing file /opt/airflow/dags/flight-pipeline.py for tasks to queue
[2026-05-27T23:47:24.322+0000] {logging_mixin.py:188} INFO - [2026-05-27T23:47:24.321+0000] {dagbag.py:545} INFO - Filling up the DagBag from /opt/airflow/dags/flight-pipeline.py
[2026-05-27T23:47:24.709+0000] {processor.py:840} INFO - DAG(s) 'flights_ops_medallion_pipe' retrieved from /opt/airflow/dags/flight-pipeline.py
[2026-05-27T23:47:24.741+0000] {logging_mixin.py:188} INFO - [2026-05-27T23:47:24.741+0000] {dag.py:3089} INFO - Sync 1 DAGs
[2026-05-27T23:47:24.766+0000] {logging_mixin.py:188} INFO - [2026-05-27T23:47:24.766+0000] {dag.py:3947} INFO - Setting next_dagrun for flights_ops_medallion_pipe to 2026-05-27 23:30:00+00:00, run_after=2026-05-28 00:00:00+00:00
[2026-05-27T23:47:24.787+0000] {processor.py:183} INFO - Processing /opt/airflow/dags/flight-pipeline.py took 0.474 seconds
[2026-05-27T23:47:54.998+0000] {processor.py:161} INFO - Started process (PID=197) to work on /opt/airflow/dags/flight-pipeline.py
[2026-05-27T23:47:54.999+0000] {processor.py:830} INFO - Processing file /opt/airflow/dags/flight-pipeline.py for tasks to queue
[2026-05-27T23:47:55.002+0000] {logging_mixin.py:188} INFO - [2026-05-27T23:47:55.002+0000] {dagbag.py:545} INFO - Filling up the DagBag from /opt/airflow/dags/flight-pipeline.py
[2026-05-27T23:47:55.431+0000] {processor.py:840} INFO - DAG(s) 'flights_ops_medallion_pipe' retrieved from /opt/airflow/dags/flight-pipeline.py
[2026-05-27T23:47:55.466+0000] {logging_mixin.py:188} INFO - [2026-05-27T23:47:55.465+0000] {dag.py:3089} INFO - Sync 1 DAGs
[2026-05-27T23:47:55.491+0000] {logging_mixin.py:188} INFO - [2026-05-27T23:47:55.491+0000] {dag.py:3947} INFO - Setting next_dagrun for flights_ops_medallion_pipe to 2026-05-27 23:30:00+00:00, run_after=2026-05-28 00:00:00+00:00
[2026-05-27T23:47:55.517+0000] {processor.py:183} INFO - Processing /opt/airflow/dags/flight-pipeline.py took 0.527 seconds
[2026-05-27T23:48:25.620+0000] {processor.py:161} INFO - Started process (PID=199) to work on /opt/airflow/dags/flight-pipeline.py
[2026-05-27T23:48:25.621+0000] {processor.py:830} INFO - Processing file /opt/airflow/dags/flight-pipeline.py for tasks to queue
[2026-05-27T23:48:25.623+0000] {logging_mixin.py:188} INFO - [2026-05-27T23:48:25.623+0000] {dagbag.py:545} INFO - Filling up the DagBag from /opt/airflow/dags/flight-pipeline.py
[2026-05-27T23:48:26.057+0000] {processor.py:840} INFO - DAG(s) 'flights_ops_medallion_pipe' retrieved from /opt/airflow/dags/flight-pipeline.py
[2026-05-27T23:48:26.085+0000] {logging_mixin.py:188} INFO - [2026-05-27T23:48:26.085+0000] {dag.py:3089} INFO - Sync 1 DAGs
[2026-05-27T23:48:26.112+0000] {logging_mixin.py:188} INFO - [2026-05-27T23:48:26.112+0000] {dag.py:3947} INFO - Setting next_dagrun for flights_ops_medallion_pipe to 2026-05-27 23:30:00+00:00, run_after=2026-05-28 00:00:00+00:00
[2026-05-27T23:48:26.139+0000] {processor.py:183} INFO - Processing /opt/airflow/dags/flight-pipeline.py took 0.527 seconds
[2026-05-27T23:48:56.372+0000] {processor.py:161} INFO - Started process (PID=201) to work on /opt/airflow/dags/flight-pipeline.py
[2026-05-27T23:48:56.373+0000] {processor.py:830} INFO - Processing file /opt/airflow/dags/flight-pipeline.py for tasks to queue
[2026-05-27T23:48:56.375+0000] {logging_mixin.py:188} INFO - [2026-05-27T23:48:56.375+0000] {dagbag.py:545} INFO - Filling up the DagBag from /opt/airflow/dags/flight-pipeline.py
[2026-05-27T23:48:56.721+0000] {processor.py:840} INFO - DAG(s) 'flights_ops_medallion_pipe' retrieved from /opt/airflow/dags/flight-pipeline.py
[2026-05-27T23:48:56.752+0000] {logging_mixin.py:188} INFO - [2026-05-27T23:48:56.751+0000] {dag.py:3089} INFO - Sync 1 DAGs
[2026-05-27T23:48:56.779+0000] {logging_mixin.py:188} INFO - [2026-05-27T23:48:56.779+0000] {dag.py:3947} INFO - Setting next_dagrun for flights_ops_medallion_pipe to 2026-05-27 23:30:00+00:00, run_after=2026-05-28 00:00:00+00:00
[2026-05-27T23:48:56.961+0000] {processor.py:183} INFO - Processing /opt/airflow/dags/flight-pipeline.py took 0.594 seconds
[2026-05-27T23:49:27.137+0000] {processor.py:161} INFO - Started process (PID=203) to work on /opt/airflow/dags/flight-pipeline.py
[2026-05-27T23:49:27.138+0000] {processor.py:830} INFO - Processing file /opt/airflow/dags/flight-pipeline.py for tasks to queue
[2026-05-27T23:49:27.141+0000] {logging_mixin.py:188} INFO - [2026-05-27T23:49:27.141+0000] {dagbag.py:545} INFO - Filling up the DagBag from /opt/airflow/dags/flight-pipeline.py
[2026-05-27T23:49:27.495+0000] {processor.py:840} INFO - DAG(s) 'flights_ops_medallion_pipe' retrieved from /opt/airflow/dags/flight-pipeline.py
[2026-05-27T23:49:27.524+0000] {logging_mixin.py:188} INFO - [2026-05-27T23:49:27.523+0000] {dag.py:3089} INFO - Sync 1 DAGs
[2026-05-27T23:49:27.699+0000] {logging_mixin.py:188} INFO - [2026-05-27T23:49:27.699+0000] {dag.py:3947} INFO - Setting next_dagrun for flights_ops_medallion_pipe to 2026-05-27 23:30:00+00:00, run_after=2026-05-28 00:00:00+00:00
[2026-05-27T23:49:27.716+0000] {processor.py:183} INFO - Processing /opt/airflow/dags/flight-pipeline.py took 0.588 seconds
[2026-05-27T23:49:57.897+0000] {processor.py:161} INFO - Started process (PID=205) to work on /opt/airflow/dags/flight-pipeline.py
[2026-05-27T23:49:57.898+0000] {processor.py:830} INFO - Processing file /opt/airflow/dags/flight-pipeline.py for tasks to queue
[2026-05-27T23:49:57.900+0000] {logging_mixin.py:188} INFO - [2026-05-27T23:49:57.900+0000] {dagbag.py:545} INFO - Filling up the DagBag from /opt/airflow/dags/flight-pipeline.py
[2026-05-27T23:49:58.281+0000] {processor.py:840} INFO - DAG(s) 'flights_ops_medallion_pipe' retrieved from /opt/airflow/dags/flight-pipeline.py
[2026-05-27T23:49:58.342+0000] {logging_mixin.py:188} INFO - [2026-05-27T23:49:58.341+0000] {dag.py:3089} INFO - Sync 1 DAGs
[2026-05-27T23:49:58.381+0000] {logging_mixin.py:188} INFO - [2026-05-27T23:49:58.381+0000] {dag.py:3947} INFO - Setting next_dagrun for flights_ops_medallion_pipe to 2026-05-27 23:30:00+00:00, run_after=2026-05-28 00:00:00+00:00
[2026-05-27T23:49:58.408+0000] {processor.py:183} INFO - Processing /opt/airflow/dags/flight-pipeline.py took 0.517 seconds
[2026-05-27T23:50:28.575+0000] {processor.py:161} INFO - Started process (PID=207) to work on /opt/airflow/dags/flight-pipeline.py
[2026-05-27T23:50:28.576+0000] {processor.py:830} INFO - Processing file /opt/airflow/dags/flight-pipeline.py for tasks to queue
[2026-05-27T23:50:28.578+0000] {logging_mixin.py:188} INFO - [2026-05-27T23:50:28.577+0000] {dagbag.py:545} INFO - Filling up the DagBag from /opt/airflow/dags/flight-pipeline.py
[2026-05-27T23:50:28.916+0000] {processor.py:840} INFO - DAG(s) 'flights_ops_medallion_pipe' retrieved from /opt/airflow/dags/flight-pipeline.py
[2026-05-27T23:50:28.948+0000] {logging_mixin.py:188} INFO - [2026-05-27T23:50:28.947+0000] {dag.py:3089} INFO - Sync 1 DAGs
[2026-05-27T23:50:28.974+0000] {logging_mixin.py:188} INFO - [2026-05-27T23:50:28.973+0000] {dag.py:3947} INFO - Setting next_dagrun for flights_ops_medallion_pipe to 2026-05-27 23:30:00+00:00, run_after=2026-05-28 00:00:00+00:00
[2026-05-27T23:50:28.999+0000] {processor.py:183} INFO - Processing /opt/airflow/dags/flight-pipeline.py took 0.431 seconds
[2026-05-27T23:50:59.173+0000] {processor.py:161} INFO - Started process (PID=209) to work on /opt/airflow/dags/flight-pipeline.py
[2026-05-27T23:50:59.174+0000] {processor.py:830} INFO - Processing file /opt/airflow/dags/flight-pipeline.py for tasks to queue
[2026-05-27T23:50:59.176+0000] {logging_mixin.py:188} INFO - [2026-05-27T23:50:59.176+0000] {dagbag.py:545} INFO - Filling up the DagBag from /opt/airflow/dags/flight-pipeline.py
[2026-05-27T23:50:59.582+0000] {processor.py:840} INFO - DAG(s) 'flights_ops_medallion_pipe' retrieved from /opt/airflow/dags/flight-pipeline.py
[2026-05-27T23:50:59.612+0000] {logging_mixin.py:188} INFO - [2026-05-27T23:50:59.612+0000] {dag.py:3089} INFO - Sync 1 DAGs
[2026-05-27T23:50:59.639+0000] {logging_mixin.py:188} INFO - [2026-05-27T23:50:59.638+0000] {dag.py:3947} INFO - Setting next_dagrun for flights_ops_medallion_pipe to 2026-05-27 23:30:00+00:00, run_after=2026-05-28 00:00:00+00:00
[2026-05-27T23:50:59.662+0000] {processor.py:183} INFO - Processing /opt/airflow/dags/flight-pipeline.py took 0.494 seconds
[2026-05-27T23:51:29.842+0000] {processor.py:161} INFO - Started process (PID=211) to work on /opt/airflow/dags/flight-pipeline.py
[2026-05-27T23:51:29.843+0000] {processor.py:830} INFO - Processing file /opt/airflow/dags/flight-pipeline.py for tasks to queue
[2026-05-27T23:51:29.845+0000] {logging_mixin.py:188} INFO - [2026-05-27T23:51:29.845+0000] {dagbag.py:545} INFO - Filling up the DagBag from /opt/airflow/dags/flight-pipeline.py
[2026-05-27T23:51:30.189+0000] {processor.py:840} INFO - DAG(s) 'flights_ops_medallion_pipe' retrieved from /opt/airflow/dags/flight-pipeline.py
[2026-05-27T23:51:30.218+0000] {logging_mixin.py:188} INFO - [2026-05-27T23:51:30.217+0000] {dag.py:3089} INFO - Sync 1 DAGs
[2026-05-27T23:51:30.241+0000] {logging_mixin.py:188} INFO - [2026-05-27T23:51:30.241+0000] {dag.py:3947} INFO - Setting next_dagrun for flights_ops_medallion_pipe to 2026-05-27 23:30:00+00:00, run_after=2026-05-28 00:00:00+00:00
[2026-05-27T23:51:30.263+0000] {processor.py:183} INFO - Processing /opt/airflow/dags/flight-pipeline.py took 0.427 seconds
[2026-05-27T23:52:00.465+0000] {processor.py:161} INFO - Started process (PID=213) to work on /opt/airflow/dags/flight-pipeline.py
[2026-05-27T23:52:00.466+0000] {processor.py:830} INFO - Processing file /opt/airflow/dags/flight-pipeline.py for tasks to queue
[2026-05-27T23:52:00.468+0000] {logging_mixin.py:188} INFO - [2026-05-27T23:52:00.468+0000] {dagbag.py:545} INFO - Filling up the DagBag from /opt/airflow/dags/flight-pipeline.py
[2026-05-27T23:52:00.849+0000] {processor.py:840} INFO - DAG(s) 'flights_ops_medallion_pipe' retrieved from /opt/airflow/dags/flight-pipeline.py
[2026-05-27T23:52:00.884+0000] {logging_mixin.py:188} INFO - [2026-05-27T23:52:00.884+0000] {dag.py:3089} INFO - Sync 1 DAGs
[2026-05-27T23:52:00.909+0000] {logging_mixin.py:188} INFO - [2026-05-27T23:52:00.909+0000] {dag.py:3947} INFO - Setting next_dagrun for flights_ops_medallion_pipe to 2026-05-27 23:30:00+00:00, run_after=2026-05-28 00:00:00+00:00
[2026-05-27T23:52:01.089+0000] {processor.py:183} INFO - Processing /opt/airflow/dags/flight-pipeline.py took 0.632 seconds
[2026-05-27T23:52:31.260+0000] {processor.py:161} INFO - Started process (PID=216) to work on /opt/airflow/dags/flight-pipeline.py
[2026-05-27T23:52:31.261+0000] {processor.py:830} INFO - Processing file /opt/airflow/dags/flight-pipeline.py for tasks to queue
[2026-05-27T23:52:31.263+0000] {logging_mixin.py:188} INFO - [2026-05-27T23:52:31.263+0000] {dagbag.py:545} INFO - Filling up the DagBag from /opt/airflow/dags/flight-pipeline.py
[2026-05-27T23:52:31.673+0000] {processor.py:840} INFO - DAG(s) 'flights_ops_medallion_pipe' retrieved from /opt/airflow/dags/flight-pipeline.py
[2026-05-27T23:52:31.704+0000] {logging_mixin.py:188} INFO - [2026-05-27T23:52:31.703+0000] {dag.py:3089} INFO - Sync 1 DAGs
[2026-05-27T23:52:31.887+0000] {logging_mixin.py:188} INFO - [2026-05-27T23:52:31.887+0000] {dag.py:3947} INFO - Setting next_dagrun for flights_ops_medallion_pipe to 2026-05-27 23:30:00+00:00, run_after=2026-05-28 00:00:00+00:00
[2026-05-27T23:52:31.915+0000] {processor.py:183} INFO - Processing /opt/airflow/dags/flight-pipeline.py took 0.662 seconds
[2026-05-27T23:53:02.117+0000] {processor.py:161} INFO - Started process (PID=245) to work on /opt/airflow/dags/flight-pipeline.py
[2026-05-27T23:53:02.117+0000] {processor.py:830} INFO - Processing file /opt/airflow/dags/flight-pipeline.py for tasks to queue
[2026-05-27T23:53:02.119+0000] {logging_mixin.py:188} INFO - [2026-05-27T23:53:02.119+0000] {dagbag.py:545} INFO - Filling up the DagBag from /opt/airflow/dags/flight-pipeline.py
[2026-05-27T23:53:02.455+0000] {processor.py:840} INFO - DAG(s) 'flights_ops_medallion_pipe' retrieved from /opt/airflow/dags/flight-pipeline.py
[2026-05-27T23:53:02.482+0000] {logging_mixin.py:188} INFO - [2026-05-27T23:53:02.481+0000] {dag.py:3089} INFO - Sync 1 DAGs
[2026-05-27T23:53:02.504+0000] {logging_mixin.py:188} INFO - [2026-05-27T23:53:02.504+0000] {dag.py:3947} INFO - Setting next_dagrun for flights_ops_medallion_pipe to 2026-05-27 23:30:00+00:00, run_after=2026-05-28 00:00:00+00:00
[2026-05-27T23:53:02.526+0000] {processor.py:183} INFO - Processing /opt/airflow/dags/flight-pipeline.py took 0.416 seconds
[2026-05-27T23:53:32.571+0000] {processor.py:161} INFO - Started process (PID=247) to work on /opt/airflow/dags/flight-pipeline.py
[2026-05-27T23:53:32.572+0000] {processor.py:830} INFO - Processing file /opt/airflow/dags/flight-pipeline.py for tasks to queue
[2026-05-27T23:53:32.574+0000] {logging_mixin.py:188} INFO - [2026-05-27T23:53:32.573+0000] {dagbag.py:545} INFO - Filling up the DagBag from /opt/airflow/dags/flight-pipeline.py
[2026-05-27T23:53:32.891+0000] {processor.py:840} INFO - DAG(s) 'flights_ops_medallion_pipe' retrieved from /opt/airflow/dags/flight-pipeline.py
[2026-05-27T23:53:32.918+0000] {logging_mixin.py:188} INFO - [2026-05-27T23:53:32.918+0000] {dag.py:3089} INFO - Sync 1 DAGs
[2026-05-27T23:53:32.940+0000] {logging_mixin.py:188} INFO - [2026-05-27T23:53:32.940+0000] {dag.py:3947} INFO - Setting next_dagrun for flights_ops_medallion_pipe to 2026-05-27 23:30:00+00:00, run_after=2026-05-28 00:00:00+00:00
[2026-05-27T23:53:32.958+0000] {processor.py:183} INFO - Processing /opt/airflow/dags/flight-pipeline.py took 0.393 seconds
[2026-05-27T23:54:03.117+0000] {processor.py:161} INFO - Started process (PID=249) to work on /opt/airflow/dags/flight-pipeline.py
[2026-05-27T23:54:03.118+0000] {processor.py:830} INFO - Processing file /opt/airflow/dags/flight-pipeline.py for tasks to queue
[2026-05-27T23:54:03.119+0000] {logging_mixin.py:188} INFO - [2026-05-27T23:54:03.119+0000] {dagbag.py:545} INFO - Filling up the DagBag from /opt/airflow/dags/flight-pipeline.py
[2026-05-27T23:54:03.590+0000] {processor.py:840} INFO - DAG(s) 'flights_ops_medallion_pipe' retrieved from /opt/airflow/dags/flight-pipeline.py
[2026-05-27T23:54:03.630+0000] {logging_mixin.py:188} INFO - [2026-05-27T23:54:03.629+0000] {dag.py:3089} INFO - Sync 1 DAGs
[2026-05-27T23:54:03.664+0000] {logging_mixin.py:188} INFO - [2026-05-27T23:54:03.664+0000] {dag.py:3947} INFO - Setting next_dagrun for flights_ops_medallion_pipe to 2026-05-27 23:30:00+00:00, run_after=2026-05-28 00:00:00+00:00
[2026-05-27T23:54:03.694+0000] {processor.py:183} INFO - Processing /opt/airflow/dags/flight-pipeline.py took 0.583 seconds
[2026-05-27T23:54:33.892+0000] {processor.py:161} INFO - Started process (PID=251) to work on /opt/airflow/dags/flight-pipeline.py
[2026-05-27T23:54:33.892+0000] {processor.py:830} INFO - Processing file /opt/airflow/dags/flight-pipeline.py for tasks to queue
[2026-05-27T23:54:33.894+0000] {logging_mixin.py:188} INFO - [2026-05-27T23:54:33.894+0000] {dagbag.py:545} INFO - Filling up the DagBag from /opt/airflow/dags/flight-pipeline.py
[2026-05-27T23:54:34.198+0000] {processor.py:840} INFO - DAG(s) 'flights_ops_medallion_pipe' retrieved from /opt/airflow/dags/flight-pipeline.py
[2026-05-27T23:54:34.226+0000] {logging_mixin.py:188} INFO - [2026-05-27T23:54:34.225+0000] {dag.py:3089} INFO - Sync 1 DAGs
[2026-05-27T23:54:34.249+0000] {logging_mixin.py:188} INFO - [2026-05-27T23:54:34.248+0000] {dag.py:3947} INFO - Setting next_dagrun for flights_ops_medallion_pipe to 2026-05-27 23:30:00+00:00, run_after=2026-05-28 00:00:00+00:00
[2026-05-27T23:54:34.269+0000] {processor.py:183} INFO - Processing /opt/airflow/dags/flight-pipeline.py took 0.383 seconds
[2026-05-27T23:55:04.397+0000] {processor.py:161} INFO - Started process (PID=253) to work on /opt/airflow/dags/flight-pipeline.py
[2026-05-27T23:55:04.398+0000] {processor.py:830} INFO - Processing file /opt/airflow/dags/flight-pipeline.py for tasks to queue
[2026-05-27T23:55:04.399+0000] {logging_mixin.py:188} INFO - [2026-05-27T23:55:04.399+0000] {dagbag.py:545} INFO - Filling up the DagBag from /opt/airflow/dags/flight-pipeline.py
[2026-05-27T23:55:04.722+0000] {processor.py:840} INFO - DAG(s) 'flights_ops_medallion_pipe' retrieved from /opt/airflow/dags/flight-pipeline.py
[2026-05-27T23:55:04.746+0000] {logging_mixin.py:188} INFO - [2026-05-27T23:55:04.746+0000] {dag.py:3089} INFO - Sync 1 DAGs
[2026-05-27T23:55:04.766+0000] {logging_mixin.py:188} INFO - [2026-05-27T23:55:04.766+0000] {dag.py:3947} INFO - Setting next_dagrun for flights_ops_medallion_pipe to 2026-05-27 23:30:00+00:00, run_after=2026-05-28 00:00:00+00:00
[2026-05-27T23:55:04.918+0000] {processor.py:183} INFO - Processing /opt/airflow/dags/flight-pipeline.py took 0.526 seconds
[2026-05-27T23:55:35.088+0000] {processor.py:161} INFO - Started process (PID=255) to work on /opt/airflow/dags/flight-pipeline.py
[2026-05-27T23:55:35.089+0000] {processor.py:830} INFO - Processing file /opt/airflow/dags/flight-pipeline.py for tasks to queue
[2026-05-27T23:55:35.090+0000] {logging_mixin.py:188} INFO - [2026-05-27T23:55:35.090+0000] {dagbag.py:545} INFO - Filling up the DagBag from /opt/airflow/dags/flight-pipeline.py
[2026-05-27T23:55:35.406+0000] {processor.py:840} INFO - DAG(s) 'flights_ops_medallion_pipe' retrieved from /opt/airflow/dags/flight-pipeline.py
[2026-05-27T23:55:35.430+0000] {logging_mixin.py:188} INFO - [2026-05-27T23:55:35.429+0000] {dag.py:3089} INFO - Sync 1 DAGs
[2026-05-27T23:55:35.589+0000] {logging_mixin.py:188} INFO - [2026-05-27T23:55:35.589+0000] {dag.py:3947} INFO - Setting next_dagrun for flights_ops_medallion_pipe to 2026-05-27 23:30:00+00:00, run_after=2026-05-28 00:00:00+00:00
[2026-05-27T23:55:35.609+0000] {processor.py:183} INFO - Processing /opt/airflow/dags/flight-pipeline.py took 0.527 seconds
[2026-05-27T23:56:05.709+0000] {processor.py:161} INFO - Started process (PID=257) to work on /opt/airflow/dags/flight-pipeline.py
[2026-05-27T23:56:05.710+0000] {processor.py:830} INFO - Processing file /opt/airflow/dags/flight-pipeline.py for tasks to queue
[2026-05-27T23:56:05.712+0000] {logging_mixin.py:188} INFO - [2026-05-27T23:56:05.711+0000] {dagbag.py:545} INFO - Filling up the DagBag from /opt/airflow/dags/flight-pipeline.py
[2026-05-27T23:56:06.010+0000] {processor.py:840} INFO - DAG(s) 'flights_ops_medallion_pipe' retrieved from /opt/airflow/dags/flight-pipeline.py
[2026-05-27T23:56:06.034+0000] {logging_mixin.py:188} INFO - [2026-05-27T23:56:06.034+0000] {dag.py:3089} INFO - Sync 1 DAGs
[2026-05-27T23:56:06.055+0000] {logging_mixin.py:188} INFO - [2026-05-27T23:56:06.055+0000] {dag.py:3947} INFO - Setting next_dagrun for flights_ops_medallion_pipe to 2026-05-27 23:30:00+00:00, run_after=2026-05-28 00:00:00+00:00
[2026-05-27T23:56:06.071+0000] {processor.py:183} INFO - Processing /opt/airflow/dags/flight-pipeline.py took 0.367 seconds
[2026-05-27T23:56:36.232+0000] {processor.py:161} INFO - Started process (PID=259) to work on /opt/airflow/dags/flight-pipeline.py
[2026-05-27T23:56:36.233+0000] {processor.py:830} INFO - Processing file /opt/airflow/dags/flight-pipeline.py for tasks to queue
[2026-05-27T23:56:36.234+0000] {logging_mixin.py:188} INFO - [2026-05-27T23:56:36.234+0000] {dagbag.py:545} INFO - Filling up the DagBag from /opt/airflow/dags/flight-pipeline.py
[2026-05-27T23:56:36.533+0000] {processor.py:840} INFO - DAG(s) 'flights_ops_medallion_pipe' retrieved from /opt/airflow/dags/flight-pipeline.py
[2026-05-27T23:56:36.560+0000] {logging_mixin.py:188} INFO - [2026-05-27T23:56:36.559+0000] {dag.py:3089} INFO - Sync 1 DAGs
[2026-05-27T23:56:36.581+0000] {logging_mixin.py:188} INFO - [2026-05-27T23:56:36.581+0000] {dag.py:3947} INFO - Setting next_dagrun for flights_ops_medallion_pipe to 2026-05-27 23:30:00+00:00, run_after=2026-05-28 00:00:00+00:00
[2026-05-27T23:56:36.601+0000] {processor.py:183} INFO - Processing /opt/airflow/dags/flight-pipeline.py took 0.374 seconds
[2026-05-27T23:57:06.783+0000] {processor.py:161} INFO - Started process (PID=261) to work on /opt/airflow/dags/flight-pipeline.py
[2026-05-27T23:57:06.784+0000] {processor.py:830} INFO - Processing file /opt/airflow/dags/flight-pipeline.py for tasks to queue
[2026-05-27T23:57:06.787+0000] {logging_mixin.py:188} INFO - [2026-05-27T23:57:06.787+0000] {dagbag.py:545} INFO - Filling up the DagBag from /opt/airflow/dags/flight-pipeline.py
[2026-05-27T23:57:07.157+0000] {processor.py:840} INFO - DAG(s) 'flights_ops_medallion_pipe' retrieved from /opt/airflow/dags/flight-pipeline.py
[2026-05-27T23:57:07.183+0000] {logging_mixin.py:188} INFO - [2026-05-27T23:57:07.183+0000] {dag.py:3089} INFO - Sync 1 DAGs
[2026-05-27T23:57:07.205+0000] {logging_mixin.py:188} INFO - [2026-05-27T23:57:07.204+0000] {dag.py:3947} INFO - Setting next_dagrun for flights_ops_medallion_pipe to 2026-05-27 23:30:00+00:00, run_after=2026-05-28 00:00:00+00:00
[2026-05-27T23:57:07.227+0000] {processor.py:183} INFO - Processing /opt/airflow/dags/flight-pipeline.py took 0.453 seconds
[2026-05-27T23:57:37.408+0000] {processor.py:161} INFO - Started process (PID=263) to work on /opt/airflow/dags/flight-pipeline.py
[2026-05-27T23:57:37.409+0000] {processor.py:830} INFO - Processing file /opt/airflow/dags/flight-pipeline.py for tasks to queue
[2026-05-27T23:57:37.411+0000] {logging_mixin.py:188} INFO - [2026-05-27T23:57:37.411+0000] {dagbag.py:545} INFO - Filling up the DagBag from /opt/airflow/dags/flight-pipeline.py
[2026-05-27T23:57:37.770+0000] {processor.py:840} INFO - DAG(s) 'flights_ops_medallion_pipe' retrieved from /opt/airflow/dags/flight-pipeline.py
[2026-05-27T23:57:37.801+0000] {logging_mixin.py:188} INFO - [2026-05-27T23:57:37.800+0000] {dag.py:3089} INFO - Sync 1 DAGs
[2026-05-27T23:57:37.824+0000] {logging_mixin.py:188} INFO - [2026-05-27T23:57:37.824+0000] {dag.py:3947} INFO - Setting next_dagrun for flights_ops_medallion_pipe to 2026-05-27 23:30:00+00:00, run_after=2026-05-28 00:00:00+00:00
[2026-05-27T23:57:37.849+0000] {processor.py:183} INFO - Processing /opt/airflow/dags/flight-pipeline.py took 0.449 seconds
[2026-05-27T23:58:08.035+0000] {processor.py:161} INFO - Started process (PID=265) to work on /opt/airflow/dags/flight-pipeline.py
[2026-05-27T23:58:08.036+0000] {processor.py:830} INFO - Processing file /opt/airflow/dags/flight-pipeline.py for tasks to queue
[2026-05-27T23:58:08.037+0000] {logging_mixin.py:188} INFO - [2026-05-27T23:58:08.037+0000] {dagbag.py:545} INFO - Filling up the DagBag from /opt/airflow/dags/flight-pipeline.py
[2026-05-27T23:58:08.357+0000] {processor.py:840} INFO - DAG(s) 'flights_ops_medallion_pipe' retrieved from /opt/airflow/dags/flight-pipeline.py
[2026-05-27T23:58:08.384+0000] {logging_mixin.py:188} INFO - [2026-05-27T23:58:08.383+0000] {dag.py:3089} INFO - Sync 1 DAGs
[2026-05-27T23:58:08.405+0000] {logging_mixin.py:188} INFO - [2026-05-27T23:58:08.405+0000] {dag.py:3947} INFO - Setting next_dagrun for flights_ops_medallion_pipe to 2026-05-27 23:30:00+00:00, run_after=2026-05-28 00:00:00+00:00
[2026-05-27T23:58:08.557+0000] {processor.py:183} INFO - Processing /opt/airflow/dags/flight-pipeline.py took 0.528 seconds
[2026-05-27T23:58:38.731+0000] {processor.py:161} INFO - Started process (PID=267) to work on /opt/airflow/dags/flight-pipeline.py
[2026-05-27T23:58:38.732+0000] {processor.py:830} INFO - Processing file /opt/airflow/dags/flight-pipeline.py for tasks to queue
[2026-05-27T23:58:38.734+0000] {logging_mixin.py:188} INFO - [2026-05-27T23:58:38.734+0000] {dagbag.py:545} INFO - Filling up the DagBag from /opt/airflow/dags/flight-pipeline.py
[2026-05-27T23:58:39.049+0000] {processor.py:840} INFO - DAG(s) 'flights_ops_medallion_pipe' retrieved from /opt/airflow/dags/flight-pipeline.py
[2026-05-27T23:58:39.076+0000] {logging_mixin.py:188} INFO - [2026-05-27T23:58:39.076+0000] {dag.py:3089} INFO - Sync 1 DAGs
[2026-05-27T23:58:39.240+0000] {logging_mixin.py:188} INFO - [2026-05-27T23:58:39.240+0000] {dag.py:3947} INFO - Setting next_dagrun for flights_ops_medallion_pipe to 2026-05-27 23:30:00+00:00, run_after=2026-05-28 00:00:00+00:00
[2026-05-27T23:58:39.258+0000] {processor.py:183} INFO - Processing /opt/airflow/dags/flight-pipeline.py took 0.534 seconds
[2026-05-27T23:59:09.441+0000] {processor.py:161} INFO - Started process (PID=269) to work on /opt/airflow/dags/flight-pipeline.py
[2026-05-27T23:59:09.443+0000] {processor.py:830} INFO - Processing file /opt/airflow/dags/flight-pipeline.py for tasks to queue
[2026-05-27T23:59:09.445+0000] {logging_mixin.py:188} INFO - [2026-05-27T23:59:09.445+0000] {dagbag.py:545} INFO - Filling up the DagBag from /opt/airflow/dags/flight-pipeline.py
[2026-05-27T23:59:09.747+0000] {processor.py:840} INFO - DAG(s) 'flights_ops_medallion_pipe' retrieved from /opt/airflow/dags/flight-pipeline.py
[2026-05-27T23:59:09.773+0000] {logging_mixin.py:188} INFO - [2026-05-27T23:59:09.772+0000] {dag.py:3089} INFO - Sync 1 DAGs
[2026-05-27T23:59:09.794+0000] {logging_mixin.py:188} INFO - [2026-05-27T23:59:09.794+0000] {dag.py:3947} INFO - Setting next_dagrun for flights_ops_medallion_pipe to 2026-05-27 23:30:00+00:00, run_after=2026-05-28 00:00:00+00:00
[2026-05-27T23:59:09.817+0000] {processor.py:183} INFO - Processing /opt/airflow/dags/flight-pipeline.py took 0.384 seconds
[2026-05-27T23:59:40.006+0000] {processor.py:161} INFO - Started process (PID=271) to work on /opt/airflow/dags/flight-pipeline.py
[2026-05-27T23:59:40.008+0000] {processor.py:830} INFO - Processing file /opt/airflow/dags/flight-pipeline.py for tasks to queue
[2026-05-27T23:59:40.011+0000] {logging_mixin.py:188} INFO - [2026-05-27T23:59:40.011+0000] {dagbag.py:545} INFO - Filling up the DagBag from /opt/airflow/dags/flight-pipeline.py
[2026-05-27T23:59:40.352+0000] {processor.py:840} INFO - DAG(s) 'flights_ops_medallion_pipe' retrieved from /opt/airflow/dags/flight-pipeline.py
[2026-05-27T23:59:40.381+0000] {logging_mixin.py:188} INFO - [2026-05-27T23:59:40.381+0000] {dag.py:3089} INFO - Sync 1 DAGs
[2026-05-27T23:59:40.404+0000] {logging_mixin.py:188} INFO - [2026-05-27T23:59:40.404+0000] {dag.py:3947} INFO - Setting next_dagrun for flights_ops_medallion_pipe to 2026-05-27 23:30:00+00:00, run_after=2026-05-28 00:00:00+00:00
[2026-05-27T23:59:40.423+0000] {processor.py:183} INFO - Processing /opt/airflow/dags/flight-pipeline.py took 0.426 seconds
